Name,Category,City,Area,Phone,Rating,Address,Pitch_Message,WhatsApp_Link,Status
Super 30 Vision Academy Gaya,Coaching,Gaya,AP Colony,+919431289120,4.9,"Opposite Medical Gate, AP Colony, Gaya, Bihar 823001","Namaste Director Ji (Super 30 Vision Academy Gaya)! 📚

Kya aap apne coaching institute (Super 30 Vision Academy Gaya, AP Colony) me naye academic session ke liye 2X-3X student admissions aur parent enquiries badhana chahte hain?

⚡ Shaktix WhatsApp Admission Booster se aap:
🎯 AP Colony aur Gaya ke 1,500+ targeted parents aur students tak direct batch announcement & results deliver karein.
🎯 Demo classes aur syllabus brochure direct WhatsApp par 1-click me share karein.
🎯 Modern Coaching Portal paayein jahan se students online register kar sakein.

🚀 Pamphlet & banner se 5 guna sasta aur 100% direct outreach!

Free 2-minute live demo dekhne ke liye reply karein: ADMISSION ya call karein.",https://wa.me/919431289120?text=Namaste%20Director%20Ji%20%28Super%2030%20Vision%20Academy%20Gaya%29%21%20%F0%9F%93%9A%0A%0AKya%20aap%20apne%20coaching%20institute%20%28Super%2030%20Vision%20Academy%20Gaya%2C%20AP%20Colony%29%20me%20naye%20academic%20session%20ke%20liye%202X-3X%20student%20admissions%20aur%20parent%20enquiries%20badhana%20chahte%20hain%3F%0A%0A%E2%9A%A1%20Shaktix%20WhatsApp%20Admission%20Booster%20se%20aap%3A%0A%F0%9F%8E%AF%20AP%20Colony%20aur%20Gaya%20ke%201%2C500%2B%20targeted%20parents%20aur%20students%20tak%20direct%20batch%20announcement%20%26%20results%20deliver%20karein.%0A%F0%9F%8E%AF%20Demo%20classes%20aur%20syllabus%20brochure%20direct%20WhatsApp%20par%201-click%20me%20share%20karein.%0A%F0%9F%8E%AF%20Modern%20Coaching%20Portal%20paayein%20jahan%20se%20students%20online%20register%20kar%20sakein.%0A%0A%F0%9F%9A%80%20Pamphlet%20%26%20banner%20se%205%20guna%20sasta%20aur%20100%25%20direct%20outreach%21%0A%0AFree%202-minute%20live%20demo%20dekhne%20ke%20liye%20reply%20karein%3A%20ADMISSION%20ya%20call%20karein.,Verified & Ready
Prism IIT-JEE & NEET Institute,Coaching,Gaya,White House Compound,+919835012480,4.8,"Near Gandhi Maidan, White House Compound, Gaya, Bihar 823001","Namaste Director Ji (Prism IIT-JEE & NEET Institute)! 📚

Kya aap apne coaching institute (Prism IIT-JEE & NEET Institute, White House Compound) me naye academic session ke liye 2X-3X student admissions aur parent enquiries badhana chahte hain?

⚡ Shaktix WhatsApp Admission Booster se aap:
🎯 White House Compound aur Gaya ke 1,500+ targeted parents aur students tak direct batch announcement & results deliver karein.
🎯 Demo classes aur syllabus brochure direct WhatsApp par 1-click me share karein.
🎯 Modern Coaching Portal paayein jahan se students online register kar sakein.

🚀 Pamphlet & banner se 5 guna sasta aur 100% direct outreach!

Free 2-minute live demo dekhne ke liye reply karein: ADMISSION ya call karein.",https://wa.me/919835012480?text=Namaste%20Director%20Ji%20%28Prism%20IIT-JEE%20%26%20NEET%20Institute%29%21%20%F0%9F%93%9A%0A%0AKya%20aap%20apne%20coaching%20institute%20%28Prism%20IIT-JEE%20%26%20NEET%20Institute%2C%20White%20House%20Compound%29%20me%20naye%20academic%20session%20ke%20liye%202X-3X%20student%20admissions%20aur%20parent%20enquiries%20badhana%20chahte%20hain%3F%0A%0A%E2%9A%A1%20Shaktix%20WhatsApp%20Admission%20Booster%20se%20aap%3A%0A%F0%9F%8E%AF%20White%20House%20Compound%20aur%20Gaya%20ke%201%2C500%2B%20targeted%20parents%20aur%20students%20tak%20direct%20batch%20announcement%20%26%20results%20deliver%20karein.%0A%F0%9F%8E%AF%20Demo%20classes%20aur%20syllabus%20brochure%20direct%20WhatsApp%20par%201-click%20me%20share%20karein.%0A%F0%9F%8E%AF%20Modern%20Coaching%20Portal%20paayein%20jahan%20se%20students%20online%20register%20kar%20sakein.%0A%0A%F0%9F%9A%80%20Pamphlet%20%26%20banner%20se%205%20guna%20sasta%20aur%20100%25%20direct%20outreach%21%0A%0AFree%202-minute%20live%20demo%20dekhne%20ke%20liye%20reply%20karein%3A%20ADMISSION%20ya%20call%20karein.,Verified & Ready
Target Physics Classes by Er. AK,Coaching,Gaya,Rai Kashi Nath More,+919934256711,4.9,"Near Railway Station Road, Rai Kashi Nath More, Gaya 823002","Namaste Director Ji (Target Physics Classes by Er. AK)! 📚

Kya aap apne coaching institute (Target Physics Classes by Er. AK, Rai Kashi Nath More) me naye academic session ke liye 2X-3X student admissions aur parent enquiries badhana chahte hain?

⚡ Shaktix WhatsApp Admission Booster se aap:
🎯 Rai Kashi Nath More aur Gaya ke 1,500+ targeted parents aur students tak direct batch announcement & results deliver karein.
🎯 Demo classes aur syllabus brochure direct WhatsApp par 1-click me share karein.
🎯 Modern Coaching Portal paayein jahan se students online register kar sakein.

🚀 Pamphlet & banner se 5 guna sasta aur 100% direct outreach!

Free 2-minute live demo dekhne ke liye reply karein: ADMISSION ya call karein.",https://wa.me/919934256711?text=Namaste%20Director%20Ji%20%28Target%20Physics%20Classes%20by%20Er.%20AK%29%21%20%F0%9F%93%9A%0A%0AKya%20aap%20apne%20coaching%20institute%20%28Target%20Physics%20Classes%20by%20Er.%20AK%2C%20Rai%20Kashi%20Nath%20More%29%20me%20naye%20academic%20session%20ke%20liye%202X-3X%20student%20admissions%20aur%20parent%20enquiries%20badhana%20chahte%20hain%3F%0A%0A%E2%9A%A1%20Shaktix%20WhatsApp%20Admission%20Booster%20se%20aap%3A%0A%F0%9F%8E%AF%20Rai%20Kashi%20Nath%20More%20aur%20Gaya%20ke%201%2C500%2B%20targeted%20parents%20aur%20students%20tak%20direct%20batch%20announcement%20%26%20results%20deliver%20karein.%0A%F0%9F%8E%AF%20Demo%20classes%20aur%20syllabus%20brochure%20direct%20WhatsApp%20par%201-click%20me%20share%20karein.%0A%F0%9F%8E%AF%20Modern%20Coaching%20Portal%20paayein%20jahan%20se%20students%20online%20register%20kar%20sakein.%0A%0A%F0%9F%9A%80%20Pamphlet%20%26%20banner%20se%205%20guna%20sasta%20aur%20100%25%20direct%20outreach%21%0A%0AFree%202-minute%20live%20demo%20dekhne%20ke%20liye%20reply%20karein%3A%20ADMISSION%20ya%20call%20karein.,Verified & Ready
Chanakya IAS Study Circle Gaya,Coaching,Gaya,Civil Lines,+919122340981,4.7,"Collectorate Road, Civil Lines, Gaya, Bihar 823001","Namaste Director Ji (Chanakya IAS Study Circle Gaya)! 📚

Kya aap apne coaching institute (Chanakya IAS Study Circle Gaya, Civil Lines) me naye academic session ke liye 2X-3X student admissions aur parent enquiries badhana chahte hain?

⚡ Shaktix WhatsApp Admission Booster se aap:
🎯 Civil Lines aur Gaya ke 1,500+ targeted parents aur students tak direct batch announcement & results deliver karein.
🎯 Demo classes aur syllabus brochure direct WhatsApp par 1-click me share karein.
🎯 Modern Coaching Portal paayein jahan se students online register kar sakein.

🚀 Pamphlet & banner se 5 guna sasta aur 100% direct outreach!

Free 2-minute live demo dekhne ke liye reply karein: ADMISSION ya call karein.",https://wa.me/919122340981?text=Namaste%20Director%20Ji%20%28Chanakya%20IAS%20Study%20Circle%20Gaya%29%21%20%F0%9F%93%9A%0A%0AKya%20aap%20apne%20coaching%20institute%20%28Chanakya%20IAS%20Study%20Circle%20Gaya%2C%20Civil%20Lines%29%20me%20naye%20academic%20session%20ke%20liye%202X-3X%20student%20admissions%20aur%20parent%20enquiries%20badhana%20chahte%20hain%3F%0A%0A%E2%9A%A1%20Shaktix%20WhatsApp%20Admission%20Booster%20se%20aap%3A%0A%F0%9F%8E%AF%20Civil%20Lines%20aur%20Gaya%20ke%201%2C500%2B%20targeted%20parents%20aur%20students%20tak%20direct%20batch%20announcement%20%26%20results%20deliver%20karein.%0A%F0%9F%8E%AF%20Demo%20classes%20aur%20syllabus%20brochure%20direct%20WhatsApp%20par%201-click%20me%20share%20karein.%0A%F0%9F%8E%AF%20Modern%20Coaching%20Portal%20paayein%20jahan%20se%20students%20online%20register%20kar%20sakein.%0A%0A%F0%9F%9A%80%20Pamphlet%20%26%20banner%20se%205%20guna%20sasta%20aur%20100%25%20direct%20outreach%21%0A%0AFree%202-minute%20live%20demo%20dekhne%20ke%20liye%20reply%20karein%3A%20ADMISSION%20ya%20call%20karein.,Verified & Ready
Iron Paradise Fitness Club,Gym,Gaya,GB Road,+919708123450,4.8,"2nd Floor, Grand Plaza, GB Road, Gaya 823001","Namaste Team Iron Paradise Fitness Club! 💪🏋️‍♂️

Kya aapke gym ke purane members renewal miss kar dete hain?

⚡ Shaktix WhatsApp Fitness Engine se:
✅ Har member ko membership expiry se 3 din pehle automated reminder bhejein.
✅ Festive & New Year special discount offers 1-click me 500+ members ko blast karein.
✅ Modern Gym Landing Page paayein online membership booking ke sath.

📈 Membership renewal rate 40% tak boost hota hai!

Free demo ke liye reply karein: GYM ya call karein.",https://wa.me/919708123450?text=Namaste%20Team%20Iron%20Paradise%20Fitness%20Club%21%20%F0%9F%92%AA%F0%9F%8F%8B%EF%B8%8F%E2%80%8D%E2%99%82%EF%B8%8F%0A%0AKya%20aapke%20gym%20ke%20purane%20members%20renewal%20miss%20kar%20dete%20hain%3F%0A%0A%E2%9A%A1%20Shaktix%20WhatsApp%20Fitness%20Engine%20se%3A%0A%E2%9C%85%20Har%20member%20ko%20membership%20expiry%20se%203%20din%20pehle%20automated%20reminder%20bhejein.%0A%E2%9C%85%20Festive%20%26%20New%20Year%20special%20discount%20offers%201-click%20me%20500%2B%20members%20ko%20blast%20karein.%0A%E2%9C%85%20Modern%20Gym%20Landing%20Page%20paayein%20online%20membership%20booking%20ke%20sath.%0A%0A%F0%9F%93%88%20Membership%20renewal%20rate%2040%25%20tak%20boost%20hota%20hai%21%0A%0AFree%20demo%20ke%20liye%20reply%20karein%3A%20GYM%20ya%20call%20karein.,Verified & Ready
Gold's Fitness Arena Gaya,Gym,Gaya,AP Colony,+919470098124,4.9,"Near Anugrah Memorial College, AP Colony, Gaya 823001","Namaste Team Gold's Fitness Arena Gaya! 💪🏋️‍♂️

Kya aapke gym ke purane members renewal miss kar dete hain?

⚡ Shaktix WhatsApp Fitness Engine se:
✅ Har member ko membership expiry se 3 din pehle automated reminder bhejein.
✅ Festive & New Year special discount offers 1-click me 500+ members ko blast karein.
✅ Modern Gym Landing Page paayein online membership booking ke sath.

📈 Membership renewal rate 40% tak boost hota hai!

Free demo ke liye reply karein: GYM ya call karein.",https://wa.me/919470098124?text=Namaste%20Team%20Gold%27s%20Fitness%20Arena%20Gaya%21%20%F0%9F%92%AA%F0%9F%8F%8B%EF%B8%8F%E2%80%8D%E2%99%82%EF%B8%8F%0A%0AKya%20aapke%20gym%20ke%20purane%20members%20renewal%20miss%20kar%20dete%20hain%3F%0A%0A%E2%9A%A1%20Shaktix%20WhatsApp%20Fitness%20Engine%20se%3A%0A%E2%9C%85%20Har%20member%20ko%20membership%20expiry%20se%203%20din%20pehle%20automated%20reminder%20bhejein.%0A%E2%9C%85%20Festive%20%26%20New%20Year%20special%20discount%20offers%201-click%20me%20500%2B%20members%20ko%20blast%20karein.%0A%E2%9C%85%20Modern%20Gym%20Landing%20Page%20paayein%20online%20membership%20booking%20ke%20sath.%0A%0A%F0%9F%93%88%20Membership%20renewal%20rate%2040%25%20tak%20boost%20hota%20hai%21%0A%0AFree%20demo%20ke%20liye%20reply%20karein%3A%20GYM%20ya%20call%20karein.,Verified & Ready
Pulse Cardio & Gym Studio,Gym,Gaya,Bodhgaya Road,+918210345672,4.6,"Opposite Hotel Royal, Bodhgaya Road, Gaya 824231","Namaste Team Pulse Cardio & Gym Studio! 💪🏋️‍♂️

Kya aapke gym ke purane members renewal miss kar dete hain?

⚡ Shaktix WhatsApp Fitness Engine se:
✅ Har member ko membership expiry se 3 din pehle automated reminder bhejein.
✅ Festive & New Year special discount offers 1-click me 500+ members ko blast karein.
✅ Modern Gym Landing Page paayein online membership booking ke sath.

📈 Membership renewal rate 40% tak boost hota hai!

Free demo ke liye reply karein: GYM ya call karein.",https://wa.me/918210345672?text=Namaste%20Team%20Pulse%20Cardio%20%26%20Gym%20Studio%21%20%F0%9F%92%AA%F0%9F%8F%8B%EF%B8%8F%E2%80%8D%E2%99%82%EF%B8%8F%0A%0AKya%20aapke%20gym%20ke%20purane%20members%20renewal%20miss%20kar%20dete%20hain%3F%0A%0A%E2%9A%A1%20Shaktix%20WhatsApp%20Fitness%20Engine%20se%3A%0A%E2%9C%85%20Har%20member%20ko%20membership%20expiry%20se%203%20din%20pehle%20automated%20reminder%20bhejein.%0A%E2%9C%85%20Festive%20%26%20New%20Year%20special%20discount%20offers%201-click%20me%20500%2B%20members%20ko%20blast%20karein.%0A%E2%9C%85%20Modern%20Gym%20Landing%20Page%20paayein%20online%20membership%20booking%20ke%20sath.%0A%0A%F0%9F%93%88%20Membership%20renewal%20rate%2040%25%20tak%20boost%20hota%20hai%21%0A%0AFree%20demo%20ke%20liye%20reply%20karein%3A%20GYM%20ya%20call%20karein.,Verified & Ready
Dr. Verma Multispeciality Dental Care,Clinic,Gaya,Civil Lines,+919431876543,4.9,"Dr. Verma Complex, Court Compound, Civil Lines, Gaya 823001","Respected Dr. / Administrator (Dr. Verma Multispeciality Dental Care), 🩺

Kya aapke clinic / hospital (Civil Lines, Gaya) me patient appointments scheduling aur follow-ups manage karna tedious lagta hai?

⚡ Shaktix Smart Health Automation:
🩺 Patients seedha WhatsApp se confirmed appointment slot book kar sakte hain.
🩺 Automated appointment reminder se patient no-shows 70% kam ho jate hain.
🩺 Digital feedback & prescription sharing.

10-Minute live demo setup dekhne ke liye reply karein: CLINIC.",https://wa.me/919431876543?text=Respected%20Dr.%20/%20Administrator%20%28Dr.%20Verma%20Multispeciality%20Dental%20Care%29%2C%20%F0%9F%A9%BA%0A%0AKya%20aapke%20clinic%20/%20hospital%20%28Civil%20Lines%2C%20Gaya%29%20me%20patient%20appointments%20scheduling%20aur%20follow-ups%20manage%20karna%20tedious%20lagta%20hai%3F%0A%0A%E2%9A%A1%20Shaktix%20Smart%20Health%20Automation%3A%0A%F0%9F%A9%BA%20Patients%20seedha%20WhatsApp%20se%20confirmed%20appointment%20slot%20book%20kar%20sakte%20hain.%0A%F0%9F%A9%BA%20Automated%20appointment%20reminder%20se%20patient%20no-shows%2070%25%20kam%20ho%20jate%20hain.%0A%F0%9F%A9%BA%20Digital%20feedback%20%26%20prescription%20sharing.%0A%0A10-Minute%20live%20demo%20setup%20dekhne%20ke%20liye%20reply%20karein%3A%20CLINIC.,Verified & Ready
Siddharth Diagnostic & Health Clinic,Clinic,Gaya,Station Road,+919931087612,4.7,"Beside Gurdwara, Station Road, Gaya, Bihar 823002","Respected Dr. / Administrator (Siddharth Diagnostic & Health Clinic), 🩺

Kya aapke clinic / hospital (Station Road, Gaya) me patient appointments scheduling aur follow-ups manage karna tedious lagta hai?

⚡ Shaktix Smart Health Automation:
🩺 Patients seedha WhatsApp se confirmed appointment slot book kar sakte hain.
🩺 Automated appointment reminder se patient no-shows 70% kam ho jate hain.
🩺 Digital feedback & prescription sharing.

10-Minute live demo setup dekhne ke liye reply karein: CLINIC.",https://wa.me/919931087612?text=Respected%20Dr.%20/%20Administrator%20%28Siddharth%20Diagnostic%20%26%20Health%20Clinic%29%2C%20%F0%9F%A9%BA%0A%0AKya%20aapke%20clinic%20/%20hospital%20%28Station%20Road%2C%20Gaya%29%20me%20patient%20appointments%20scheduling%20aur%20follow-ups%20manage%20karna%20tedious%20lagta%20hai%3F%0A%0A%E2%9A%A1%20Shaktix%20Smart%20Health%20Automation%3A%0A%F0%9F%A9%BA%20Patients%20seedha%20WhatsApp%20se%20confirmed%20appointment%20slot%20book%20kar%20sakte%20hain.%0A%F0%9F%A9%BA%20Automated%20appointment%20reminder%20se%20patient%20no-shows%2070%25%20kam%20ho%20jate%20hain.%0A%F0%9F%A9%BA%20Digital%20feedback%20%26%20prescription%20sharing.%0A%0A10-Minute%20live%20demo%20setup%20dekhne%20ke%20liye%20reply%20karein%3A%20CLINIC.,Verified & Ready
Aarogya Women & Child Care Clinic,Clinic,Gaya,Ramlila Ground,+918757019283,4.8,"Near Mahavir Mandir, Ramlila Ground, Gaya 823001","Respected Dr. / Administrator (Aarogya Women & Child Care Clinic), 🩺

Kya aapke clinic / hospital (Ramlila Ground, Gaya) me patient appointments scheduling aur follow-ups manage karna tedious lagta hai?

⚡ Shaktix Smart Health Automation:
🩺 Patients seedha WhatsApp se confirmed appointment slot book kar sakte hain.
🩺 Automated appointment reminder se patient no-shows 70% kam ho jate hain.
🩺 Digital feedback & prescription sharing.

10-Minute live demo setup dekhne ke liye reply karein: CLINIC.",https://wa.me/918757019283?text=Respected%20Dr.%20/%20Administrator%20%28Aarogya%20Women%20%26%20Child%20Care%20Clinic%29%2C%20%F0%9F%A9%BA%0A%0AKya%20aapke%20clinic%20/%20hospital%20%28Ramlila%20Ground%2C%20Gaya%29%20me%20patient%20appointments%20scheduling%20aur%20follow-ups%20manage%20karna%20tedious%20lagta%20hai%3F%0A%0A%E2%9A%A1%20Shaktix%20Smart%20Health%20Automation%3A%0A%F0%9F%A9%BA%20Patients%20seedha%20WhatsApp%20se%20confirmed%20appointment%20slot%20book%20kar%20sakte%20hain.%0A%F0%9F%A9%BA%20Automated%20appointment%20reminder%20se%20patient%20no-shows%2070%25%20kam%20ho%20jate%20hain.%0A%F0%9F%A9%BA%20Digital%20feedback%20%26%20prescription%20sharing.%0A%0A10-Minute%20live%20demo%20setup%20dekhne%20ke%20liye%20reply%20karein%3A%20CLINIC.,Verified & Ready
Vidyamandir Classes (VMC) Patna,Coaching,Patna,Boring Road,+919334112288,4.8,"Above Domino's Pizza, Chauraha, Boring Road, Patna 800001","Namaste Director Ji (Vidyamandir Classes (VMC) Patna)! 📚

Kya aap apne coaching institute (Vidyamandir Classes (VMC) Patna, Boring Road) me naye academic session ke liye 2X-3X student admissions aur parent enquiries badhana chahte hain?

⚡ Shaktix WhatsApp Admission Booster se aap:
🎯 Boring Road aur Patna ke 1,500+ targeted parents aur students tak direct batch announcement & results deliver karein.
🎯 Demo classes aur syllabus brochure direct WhatsApp par 1-click me share karein.
🎯 Modern Coaching Portal paayein jahan se students online register kar sakein.

🚀 Pamphlet & banner se 5 guna sasta aur 100% direct outreach!

Free 2-minute live demo dekhne ke liye reply karein: ADMISSION ya call karein.",https://wa.me/919334112288?text=Namaste%20Director%20Ji%20%28Vidyamandir%20Classes%20%28VMC%29%20Patna%29%21%20%F0%9F%93%9A%0A%0AKya%20aap%20apne%20coaching%20institute%20%28Vidyamandir%20Classes%20%28VMC%29%20Patna%2C%20Boring%20Road%29%20me%20naye%20academic%20session%20ke%20liye%202X-3X%20student%20admissions%20aur%20parent%20enquiries%20badhana%20chahte%20hain%3F%0A%0A%E2%9A%A1%20Shaktix%20WhatsApp%20Admission%20Booster%20se%20aap%3A%0A%F0%9F%8E%AF%20Boring%20Road%20aur%20Patna%20ke%201%2C500%2B%20targeted%20parents%20aur%20students%20tak%20direct%20batch%20announcement%20%26%20results%20deliver%20karein.%0A%F0%9F%8E%AF%20Demo%20classes%20aur%20syllabus%20brochure%20direct%20WhatsApp%20par%201-click%20me%20share%20karein.%0A%F0%9F%8E%AF%20Modern%20Coaching%20Portal%20paayein%20jahan%20se%20students%20online%20register%20kar%20sakein.%0A%0A%F0%9F%9A%80%20Pamphlet%20%26%20banner%20se%205%20guna%20sasta%20aur%20100%25%20direct%20outreach%21%0A%0AFree%202-minute%20live%20demo%20dekhne%20ke%20liye%20reply%20karein%3A%20ADMISSION%20ya%20call%20karein.,Verified & Ready
Goal Educational Services,Coaching,Patna,Boring Canal Road,+919334594165,4.9,"B-58, Budha Colony, Boring Canal Road, Patna 800001","Namaste Director Ji (Goal Educational Services)! 📚

Kya aap apne coaching institute (Goal Educational Services, Boring Canal Road) me naye academic session ke liye 2X-3X student admissions aur parent enquiries badhana chahte hain?

⚡ Shaktix WhatsApp Admission Booster se aap:
🎯 Boring Canal Road aur Patna ke 1,500+ targeted parents aur students tak direct batch announcement & results deliver karein.
🎯 Demo classes aur syllabus brochure direct WhatsApp par 1-click me share karein.
🎯 Modern Coaching Portal paayein jahan se students online register kar sakein.

🚀 Pamphlet & banner se 5 guna sasta aur 100% direct outreach!

Free 2-minute live demo dekhne ke liye reply karein: ADMISSION ya call karein.",https://wa.me/919334594165?text=Namaste%20Director%20Ji%20%28Goal%20Educational%20Services%29%21%20%F0%9F%93%9A%0A%0AKya%20aap%20apne%20coaching%20institute%20%28Goal%20Educational%20Services%2C%20Boring%20Canal%20Road%29%20me%20naye%20academic%20session%20ke%20liye%202X-3X%20student%20admissions%20aur%20parent%20enquiries%20badhana%20chahte%20hain%3F%0A%0A%E2%9A%A1%20Shaktix%20WhatsApp%20Admission%20Booster%20se%20aap%3A%0A%F0%9F%8E%AF%20Boring%20Canal%20Road%20aur%20Patna%20ke%201%2C500%2B%20targeted%20parents%20aur%20students%20tak%20direct%20batch%20announcement%20%26%20results%20deliver%20karein.%0A%F0%9F%8E%AF%20Demo%20classes%20aur%20syllabus%20brochure%20direct%20WhatsApp%20par%201-click%20me%20share%20karein.%0A%F0%9F%8E%AF%20Modern%20Coaching%20Portal%20paayein%20jahan%20se%20students%20online%20register%20kar%20sakein.%0A%0A%F0%9F%9A%80%20Pamphlet%20%26%20banner%20se%205%20guna%20sasta%20aur%20100%25%20direct%20outreach%21%0A%0AFree%202-minute%20live%20demo%20dekhne%20ke%20liye%20reply%20karein%3A%20ADMISSION%20ya%20call%20karein.,Verified & Ready
Mentors Eduserv Corporate Campus,Coaching,Patna,Boring Road,+919569011011,4.7,"Parus Lok Commercial Complex, Boring Road Crossing, Patna 800001","Namaste Director Ji (Mentors Eduserv Corporate Campus)! 📚

Kya aap apne coaching institute (Mentors Eduserv Corporate Campus, Boring Road) me naye academic session ke liye 2X-3X student admissions aur parent enquiries badhana chahte hain?

⚡ Shaktix WhatsApp Admission Booster se aap:
🎯 Boring Road aur Patna ke 1,500+ targeted parents aur students tak direct batch announcement & results deliver karein.
🎯 Demo classes aur syllabus brochure direct WhatsApp par 1-click me share karein.
🎯 Modern Coaching Portal paayein jahan se students online register kar sakein.

🚀 Pamphlet & banner se 5 guna sasta aur 100% direct outreach!

Free 2-minute live demo dekhne ke liye reply karein: ADMISSION ya call karein.",https://wa.me/919569011011?text=Namaste%20Director%20Ji%20%28Mentors%20Eduserv%20Corporate%20Campus%29%21%20%F0%9F%93%9A%0A%0AKya%20aap%20apne%20coaching%20institute%20%28Mentors%20Eduserv%20Corporate%20Campus%2C%20Boring%20Road%29%20me%20naye%20academic%20session%20ke%20liye%202X-3X%20student%20admissions%20aur%20parent%20enquiries%20badhana%20chahte%20hain%3F%0A%0A%E2%9A%A1%20Shaktix%20WhatsApp%20Admission%20Booster%20se%20aap%3A%0A%F0%9F%8E%AF%20Boring%20Road%20aur%20Patna%20ke%201%2C500%2B%20targeted%20parents%20aur%20students%20tak%20direct%20batch%20announcement%20%26%20results%20deliver%20karein.%0A%F0%9F%8E%AF%20Demo%20classes%20aur%20syllabus%20brochure%20direct%20WhatsApp%20par%201-click%20me%20share%20karein.%0A%F0%9F%8E%AF%20Modern%20Coaching%20Portal%20paayein%20jahan%20se%20students%20online%20register%20kar%20sakein.%0A%0A%F0%9F%9A%80%20Pamphlet%20%26%20banner%20se%205%20guna%20sasta%20aur%20100%25%20direct%20outreach%21%0A%0AFree%202-minute%20live%20demo%20dekhne%20ke%20liye%20reply%20karein%3A%20ADMISSION%20ya%20call%20karein.,Verified & Ready
Allen Career Institute Patna Center,Coaching,Patna,Bailey Road,+919799634888,4.9,"Near Gola Road T-Point, Bailey Road, Patna 801503","Namaste Director Ji (Allen Career Institute Patna Center)! 📚

Kya aap apne coaching institute (Allen Career Institute Patna Center, Bailey Road) me naye academic session ke liye 2X-3X student admissions aur parent enquiries badhana chahte hain?

⚡ Shaktix WhatsApp Admission Booster se aap:
🎯 Bailey Road aur Patna ke 1,500+ targeted parents aur students tak direct batch announcement & results deliver karein.
🎯 Demo classes aur syllabus brochure direct WhatsApp par 1-click me share karein.
🎯 Modern Coaching Portal paayein jahan se students online register kar sakein.

🚀 Pamphlet & banner se 5 guna sasta aur 100% direct outreach!

Free 2-minute live demo dekhne ke liye reply karein: ADMISSION ya call karein.",https://wa.me/919799634888?text=Namaste%20Director%20Ji%20%28Allen%20Career%20Institute%20Patna%20Center%29%21%20%F0%9F%93%9A%0A%0AKya%20aap%20apne%20coaching%20institute%20%28Allen%20Career%20Institute%20Patna%20Center%2C%20Bailey%20Road%29%20me%20naye%20academic%20session%20ke%20liye%202X-3X%20student%20admissions%20aur%20parent%20enquiries%20badhana%20chahte%20hain%3F%0A%0A%E2%9A%A1%20Shaktix%20WhatsApp%20Admission%20Booster%20se%20aap%3A%0A%F0%9F%8E%AF%20Bailey%20Road%20aur%20Patna%20ke%201%2C500%2B%20targeted%20parents%20aur%20students%20tak%20direct%20batch%20announcement%20%26%20results%20deliver%20karein.%0A%F0%9F%8E%AF%20Demo%20classes%20aur%20syllabus%20brochure%20direct%20WhatsApp%20par%201-click%20me%20share%20karein.%0A%F0%9F%8E%AF%20Modern%20Coaching%20Portal%20paayein%20jahan%20se%20students%20online%20register%20kar%20sakein.%0A%0A%F0%9F%9A%80%20Pamphlet%20%26%20banner%20se%205%20guna%20sasta%20aur%20100%25%20direct%20outreach%21%0A%0AFree%202-minute%20live%20demo%20dekhne%20ke%20liye%20reply%20karein%3A%20ADMISSION%20ya%20call%20karein.,Verified & Ready
Resonance Eduventures Kankarbagh,Coaching,Patna,Kankarbagh,+919308399399,4.6,"Near Central School, Main Road, Kankarbagh, Patna 800020","Namaste Director Ji (Resonance Eduventures Kankarbagh)! 📚

Kya aap apne coaching institute (Resonance Eduventures Kankarbagh, Kankarbagh) me naye academic session ke liye 2X-3X student admissions aur parent enquiries badhana chahte hain?

⚡ Shaktix WhatsApp Admission Booster se aap:
🎯 Kankarbagh aur Patna ke 1,500+ targeted parents aur students tak direct batch announcement & results deliver karein.
🎯 Demo classes aur syllabus brochure direct WhatsApp par 1-click me share karein.
🎯 Modern Coaching Portal paayein jahan se students online register kar sakein.

🚀 Pamphlet & banner se 5 guna sasta aur 100% direct outreach!

Free 2-minute live demo dekhne ke liye reply karein: ADMISSION ya call karein.",https://wa.me/919308399399?text=Namaste%20Director%20Ji%20%28Resonance%20Eduventures%20Kankarbagh%29%21%20%F0%9F%93%9A%0A%0AKya%20aap%20apne%20coaching%20institute%20%28Resonance%20Eduventures%20Kankarbagh%2C%20Kankarbagh%29%20me%20naye%20academic%20session%20ke%20liye%202X-3X%20student%20admissions%20aur%20parent%20enquiries%20badhana%20chahte%20hain%3F%0A%0A%E2%9A%A1%20Shaktix%20WhatsApp%20Admission%20Booster%20se%20aap%3A%0A%F0%9F%8E%AF%20Kankarbagh%20aur%20Patna%20ke%201%2C500%2B%20targeted%20parents%20aur%20students%20tak%20direct%20batch%20announcement%20%26%20results%20deliver%20karein.%0A%F0%9F%8E%AF%20Demo%20classes%20aur%20syllabus%20brochure%20direct%20WhatsApp%20par%201-click%20me%20share%20karein.%0A%F0%9F%8E%AF%20Modern%20Coaching%20Portal%20paayein%20jahan%20se%20students%20online%20register%20kar%20sakein.%0A%0A%F0%9F%9A%80%20Pamphlet%20%26%20banner%20se%205%20guna%20sasta%20aur%20100%25%20direct%20outreach%21%0A%0AFree%202-minute%20live%20demo%20dekhne%20ke%20liye%20reply%20karein%3A%20ADMISSION%20ya%20call%20karein.,Verified & Ready
Anytime Fitness Kankarbagh,Gym,Patna,Kankarbagh,+919102404040,4.9,"3rd Floor, Metro Square, Doctor's Colony, Kankarbagh, Patna 800020","Namaste Team Anytime Fitness Kankarbagh! 💪🏋️‍♂️

Kya aapke gym ke purane members renewal miss kar dete hain?

⚡ Shaktix WhatsApp Fitness Engine se:
✅ Har member ko membership expiry se 3 din pehle automated reminder bhejein.
✅ Festive & New Year special discount offers 1-click me 500+ members ko blast karein.
✅ Modern Gym Landing Page paayein online membership booking ke sath.

📈 Membership renewal rate 40% tak boost hota hai!

Free demo ke liye reply karein: GYM ya call karein.",https://wa.me/919102404040?text=Namaste%20Team%20Anytime%20Fitness%20Kankarbagh%21%20%F0%9F%92%AA%F0%9F%8F%8B%EF%B8%8F%E2%80%8D%E2%99%82%EF%B8%8F%0A%0AKya%20aapke%20gym%20ke%20purane%20members%20renewal%20miss%20kar%20dete%20hain%3F%0A%0A%E2%9A%A1%20Shaktix%20WhatsApp%20Fitness%20Engine%20se%3A%0A%E2%9C%85%20Har%20member%20ko%20membership%20expiry%20se%203%20din%20pehle%20automated%20reminder%20bhejein.%0A%E2%9C%85%20Festive%20%26%20New%20Year%20special%20discount%20offers%201-click%20me%20500%2B%20members%20ko%20blast%20karein.%0A%E2%9C%85%20Modern%20Gym%20Landing%20Page%20paayein%20online%20membership%20booking%20ke%20sath.%0A%0A%F0%9F%93%88%20Membership%20renewal%20rate%2040%25%20tak%20boost%20hota%20hai%21%0A%0AFree%20demo%20ke%20liye%20reply%20karein%3A%20GYM%20ya%20call%20karein.,Verified & Ready
Burn & Tone Luxury Fitness Club,Gym,Patna,Boring Road,+919939221144,4.8,"Alankar Motors Lane, Boring Road, Patna 800001","Namaste Team Burn & Tone Luxury Fitness Club! 💪🏋️‍♂️

Kya aapke gym ke purane members renewal miss kar dete hain?

⚡ Shaktix WhatsApp Fitness Engine se:
✅ Har member ko membership expiry se 3 din pehle automated reminder bhejein.
✅ Festive & New Year special discount offers 1-click me 500+ members ko blast karein.
✅ Modern Gym Landing Page paayein online membership booking ke sath.

📈 Membership renewal rate 40% tak boost hota hai!

Free demo ke liye reply karein: GYM ya call karein.",https://wa.me/919939221144?text=Namaste%20Team%20Burn%20%26%20Tone%20Luxury%20Fitness%20Club%21%20%F0%9F%92%AA%F0%9F%8F%8B%EF%B8%8F%E2%80%8D%E2%99%82%EF%B8%8F%0A%0AKya%20aapke%20gym%20ke%20purane%20members%20renewal%20miss%20kar%20dete%20hain%3F%0A%0A%E2%9A%A1%20Shaktix%20WhatsApp%20Fitness%20Engine%20se%3A%0A%E2%9C%85%20Har%20member%20ko%20membership%20expiry%20se%203%20din%20pehle%20automated%20reminder%20bhejein.%0A%E2%9C%85%20Festive%20%26%20New%20Year%20special%20discount%20offers%201-click%20me%20500%2B%20members%20ko%20blast%20karein.%0A%E2%9C%85%20Modern%20Gym%20Landing%20Page%20paayein%20online%20membership%20booking%20ke%20sath.%0A%0A%F0%9F%93%88%20Membership%20renewal%20rate%2040%25%20tak%20boost%20hota%20hai%21%0A%0AFree%20demo%20ke%20liye%20reply%20karein%3A%20GYM%20ya%20call%20karein.,Verified & Ready
Talwalkars Gym & Health Club,Gym,Patna,Bailey Road,+919835201199,4.7,"Near Pillar No. 65, Jagdeo Path, Bailey Road, Patna 800014","Namaste Team Talwalkars Gym & Health Club! 💪🏋️‍♂️

Kya aapke gym ke purane members renewal miss kar dete hain?

⚡ Shaktix WhatsApp Fitness Engine se:
✅ Har member ko membership expiry se 3 din pehle automated reminder bhejein.
✅ Festive & New Year special discount offers 1-click me 500+ members ko blast karein.
✅ Modern Gym Landing Page paayein online membership booking ke sath.

📈 Membership renewal rate 40% tak boost hota hai!

Free demo ke liye reply karein: GYM ya call karein.",https://wa.me/919835201199?text=Namaste%20Team%20Talwalkars%20Gym%20%26%20Health%20Club%21%20%F0%9F%92%AA%F0%9F%8F%8B%EF%B8%8F%E2%80%8D%E2%99%82%EF%B8%8F%0A%0AKya%20aapke%20gym%20ke%20purane%20members%20renewal%20miss%20kar%20dete%20hain%3F%0A%0A%E2%9A%A1%20Shaktix%20WhatsApp%20Fitness%20Engine%20se%3A%0A%E2%9C%85%20Har%20member%20ko%20membership%20expiry%20se%203%20din%20pehle%20automated%20reminder%20bhejein.%0A%E2%9C%85%20Festive%20%26%20New%20Year%20special%20discount%20offers%201-click%20me%20500%2B%20members%20ko%20blast%20karein.%0A%E2%9C%85%20Modern%20Gym%20Landing%20Page%20paayein%20online%20membership%20booking%20ke%20sath.%0A%0A%F0%9F%93%88%20Membership%20renewal%20rate%2040%25%20tak%20boost%20hota%20hai%21%0A%0AFree%20demo%20ke%20liye%20reply%20karein%3A%20GYM%20ya%20call%20karein.,Verified & Ready
Raw Fitness Gym & CrossFit Studio,Gym,Patna,Kankarbagh,+918877112233,4.8,"Old Bypass Road, Near Tiwary Bechar, Kankarbagh, Patna 800020","Namaste Team Raw Fitness Gym & CrossFit Studio! 💪🏋️‍♂️

Kya aapke gym ke purane members renewal miss kar dete hain?

⚡ Shaktix WhatsApp Fitness Engine se:
✅ Har member ko membership expiry se 3 din pehle automated reminder bhejein.
✅ Festive & New Year special discount offers 1-click me 500+ members ko blast karein.
✅ Modern Gym Landing Page paayein online membership booking ke sath.

📈 Membership renewal rate 40% tak boost hota hai!

Free demo ke liye reply karein: GYM ya call karein.",https://wa.me/918877112233?text=Namaste%20Team%20Raw%20Fitness%20Gym%20%26%20CrossFit%20Studio%21%20%F0%9F%92%AA%F0%9F%8F%8B%EF%B8%8F%E2%80%8D%E2%99%82%EF%B8%8F%0A%0AKya%20aapke%20gym%20ke%20purane%20members%20renewal%20miss%20kar%20dete%20hain%3F%0A%0A%E2%9A%A1%20Shaktix%20WhatsApp%20Fitness%20Engine%20se%3A%0A%E2%9C%85%20Har%20member%20ko%20membership%20expiry%20se%203%20din%20pehle%20automated%20reminder%20bhejein.%0A%E2%9C%85%20Festive%20%26%20New%20Year%20special%20discount%20offers%201-click%20me%20500%2B%20members%20ko%20blast%20karein.%0A%E2%9C%85%20Modern%20Gym%20Landing%20Page%20paayein%20online%20membership%20booking%20ke%20sath.%0A%0A%F0%9F%93%88%20Membership%20renewal%20rate%2040%25%20tak%20boost%20hota%20hai%21%0A%0AFree%20demo%20ke%20liye%20reply%20karein%3A%20GYM%20ya%20call%20karein.,Verified & Ready
Patliputra Prime Real Estate & Infra,Real Estate,Patna,Bailey Road,+919430055441,4.9,"4th Floor, R.K. Estate, Saguna More, Bailey Road, Patna 801503","Namaste Patliputra Prime Real Estate & Infra Ji! 🏢🔑

Kya aap Patna & Bailey Road me apne premium residential flats, plots & commercial properties ke liye verified buyers search kar rahe hain?

⚡ Shaktix Real Estate WhatsApp Blast System:
🎯 Patna ke 2,000+ verified investors aur high-budget buyers tak direct layout plans & video walkthrough bhejein.
🎯 1-Click WhatsApp Lead Ingestion & instant automated site-visit booking.

Properties 3X fast close karne ke liye live demo dekhein. Reply karein: REALESTATE.",https://wa.me/919430055441?text=Namaste%20Patliputra%20Prime%20Real%20Estate%20%26%20Infra%20Ji%21%20%F0%9F%8F%A2%F0%9F%94%91%0A%0AKya%20aap%20Patna%20%26%20Bailey%20Road%20me%20apne%20premium%20residential%20flats%2C%20plots%20%26%20commercial%20properties%20ke%20liye%20verified%20buyers%20search%20kar%20rahe%20hain%3F%0A%0A%E2%9A%A1%20Shaktix%20Real%20Estate%20WhatsApp%20Blast%20System%3A%0A%F0%9F%8E%AF%20Patna%20ke%202%2C000%2B%20verified%20investors%20aur%20high-budget%20buyers%20tak%20direct%20layout%20plans%20%26%20video%20walkthrough%20bhejein.%0A%F0%9F%8E%AF%201-Click%20WhatsApp%20Lead%20Ingestion%20%26%20instant%20automated%20site-visit%20booking.%0A%0AProperties%203X%20fast%20close%20karne%20ke%20liye%20live%20demo%20dekhein.%20Reply%20karein%3A%20REALESTATE.,Verified & Ready
Magadh Property Bazaar & Consultants,Real Estate,Patna,Boring Road,+919835889922,4.7,"Opposite Karlo Automobiles, Boring Road, Patna 800001","Namaste Magadh Property Bazaar & Consultants Ji! 🏢🔑

Kya aap Patna & Boring Road me apne premium residential flats, plots & commercial properties ke liye verified buyers search kar rahe hain?

⚡ Shaktix Real Estate WhatsApp Blast System:
🎯 Patna ke 2,000+ verified investors aur high-budget buyers tak direct layout plans & video walkthrough bhejein.
🎯 1-Click WhatsApp Lead Ingestion & instant automated site-visit booking.

Properties 3X fast close karne ke liye live demo dekhein. Reply karein: REALESTATE.",https://wa.me/919835889922?text=Namaste%20Magadh%20Property%20Bazaar%20%26%20Consultants%20Ji%21%20%F0%9F%8F%A2%F0%9F%94%91%0A%0AKya%20aap%20Patna%20%26%20Boring%20Road%20me%20apne%20premium%20residential%20flats%2C%20plots%20%26%20commercial%20properties%20ke%20liye%20verified%20buyers%20search%20kar%20rahe%20hain%3F%0A%0A%E2%9A%A1%20Shaktix%20Real%20Estate%20WhatsApp%20Blast%20System%3A%0A%F0%9F%8E%AF%20Patna%20ke%202%2C000%2B%20verified%20investors%20aur%20high-budget%20buyers%20tak%20direct%20layout%20plans%20%26%20video%20walkthrough%20bhejein.%0A%F0%9F%8E%AF%201-Click%20WhatsApp%20Lead%20Ingestion%20%26%20instant%20automated%20site-visit%20booking.%0A%0AProperties%203X%20fast%20close%20karne%20ke%20liye%20live%20demo%20dekhein.%20Reply%20karein%3A%20REALESTATE.,Verified & Ready
Shree Ram Builders & Property Deals,Real Estate,Patna,Kankarbagh,+919122883344,4.6,"Tiwari Plaza, Main Bypass, Kankarbagh, Patna 800020","Namaste Shree Ram Builders & Property Deals Ji! 🏢🔑

Kya aap Patna & Kankarbagh me apne premium residential flats, plots & commercial properties ke liye verified buyers search kar rahe hain?

⚡ Shaktix Real Estate WhatsApp Blast System:
🎯 Patna ke 2,000+ verified investors aur high-budget buyers tak direct layout plans & video walkthrough bhejein.
🎯 1-Click WhatsApp Lead Ingestion & instant automated site-visit booking.

Properties 3X fast close karne ke liye live demo dekhein. Reply karein: REALESTATE.",https://wa.me/919122883344?text=Namaste%20Shree%20Ram%20Builders%20%26%20Property%20Deals%20Ji%21%20%F0%9F%8F%A2%F0%9F%94%91%0A%0AKya%20aap%20Patna%20%26%20Kankarbagh%20me%20apne%20premium%20residential%20flats%2C%20plots%20%26%20commercial%20properties%20ke%20liye%20verified%20buyers%20search%20kar%20rahe%20hain%3F%0A%0A%E2%9A%A1%20Shaktix%20Real%20Estate%20WhatsApp%20Blast%20System%3A%0A%F0%9F%8E%AF%20Patna%20ke%202%2C000%2B%20verified%20investors%20aur%20high-budget%20buyers%20tak%20direct%20layout%20plans%20%26%20video%20walkthrough%20bhejein.%0A%F0%9F%8E%AF%201-Click%20WhatsApp%20Lead%20Ingestion%20%26%20instant%20automated%20site-visit%20booking.%0A%0AProperties%203X%20fast%20close%20karne%20ke%20liye%20live%20demo%20dekhein.%20Reply%20karein%3A%20REALESTATE.,Verified & Ready
Dr. Prabhat Memorial Dental Hospital,Clinic,Patna,Boring Canal Road,+919386711223,4.9,"Opposite Rajapur Pul, Boring Canal Road, Patna 800001","Respected Dr. / Administrator (Dr. Prabhat Memorial Dental Hospital), 🩺

Kya aapke clinic / hospital (Boring Canal Road, Patna) me patient appointments scheduling aur follow-ups manage karna tedious lagta hai?

⚡ Shaktix Smart Health Automation:
🩺 Patients seedha WhatsApp se confirmed appointment slot book kar sakte hain.
🩺 Automated appointment reminder se patient no-shows 70% kam ho jate hain.
🩺 Digital feedback & prescription sharing.

10-Minute live demo setup dekhne ke liye reply karein: CLINIC.",https://wa.me/919386711223?text=Respected%20Dr.%20/%20Administrator%20%28Dr.%20Prabhat%20Memorial%20Dental%20Hospital%29%2C%20%F0%9F%A9%BA%0A%0AKya%20aapke%20clinic%20/%20hospital%20%28Boring%20Canal%20Road%2C%20Patna%29%20me%20patient%20appointments%20scheduling%20aur%20follow-ups%20manage%20karna%20tedious%20lagta%20hai%3F%0A%0A%E2%9A%A1%20Shaktix%20Smart%20Health%20Automation%3A%0A%F0%9F%A9%BA%20Patients%20seedha%20WhatsApp%20se%20confirmed%20appointment%20slot%20book%20kar%20sakte%20hain.%0A%F0%9F%A9%BA%20Automated%20appointment%20reminder%20se%20patient%20no-shows%2070%25%20kam%20ho%20jate%20hain.%0A%F0%9F%A9%BA%20Digital%20feedback%20%26%20prescription%20sharing.%0A%0A10-Minute%20live%20demo%20setup%20dekhne%20ke%20liye%20reply%20karein%3A%20CLINIC.,Verified & Ready
Curewell Dental & Implant Surgery,Clinic,Patna,Kankarbagh,+919835443322,4.8,"Near Kumhrar Gumti, Main Road, Kankarbagh, Patna 800020","Respected Dr. / Administrator (Curewell Dental & Implant Surgery), 🩺

Kya aapke clinic / hospital (Kankarbagh, Patna) me patient appointments scheduling aur follow-ups manage karna tedious lagta hai?

⚡ Shaktix Smart Health Automation:
🩺 Patients seedha WhatsApp se confirmed appointment slot book kar sakte hain.
🩺 Automated appointment reminder se patient no-shows 70% kam ho jate hain.
🩺 Digital feedback & prescription sharing.

10-Minute live demo setup dekhne ke liye reply karein: CLINIC.",https://wa.me/919835443322?text=Respected%20Dr.%20/%20Administrator%20%28Curewell%20Dental%20%26%20Implant%20Surgery%29%2C%20%F0%9F%A9%BA%0A%0AKya%20aapke%20clinic%20/%20hospital%20%28Kankarbagh%2C%20Patna%29%20me%20patient%20appointments%20scheduling%20aur%20follow-ups%20manage%20karna%20tedious%20lagta%20hai%3F%0A%0A%E2%9A%A1%20Shaktix%20Smart%20Health%20Automation%3A%0A%F0%9F%A9%BA%20Patients%20seedha%20WhatsApp%20se%20confirmed%20appointment%20slot%20book%20kar%20sakte%20hain.%0A%F0%9F%A9%BA%20Automated%20appointment%20reminder%20se%20patient%20no-shows%2070%25%20kam%20ho%20jate%20hain.%0A%F0%9F%A9%BA%20Digital%20feedback%20%26%20prescription%20sharing.%0A%0A10-Minute%20live%20demo%20setup%20dekhne%20ke%20liye%20reply%20karein%3A%20CLINIC.,Verified & Ready
Clove Dental Care & Implant Clinic,Clinic,Delhi,Connaught Place,+919810156789,4.9,"Block M, Middle Circle, Connaught Place, New Delhi 110001","Respected Dr. / Administrator (Clove Dental Care & Implant Clinic), 🩺

Kya aapke clinic / hospital (Connaught Place, Delhi) me patient appointments scheduling aur follow-ups manage karna tedious lagta hai?

⚡ Shaktix Smart Health Automation:
🩺 Patients seedha WhatsApp se confirmed appointment slot book kar sakte hain.
🩺 Automated appointment reminder se patient no-shows 70% kam ho jate hain.
🩺 Digital feedback & prescription sharing.

10-Minute live demo setup dekhne ke liye reply karein: CLINIC.",https://wa.me/919810156789?text=Respected%20Dr.%20/%20Administrator%20%28Clove%20Dental%20Care%20%26%20Implant%20Clinic%29%2C%20%F0%9F%A9%BA%0A%0AKya%20aapke%20clinic%20/%20hospital%20%28Connaught%20Place%2C%20Delhi%29%20me%20patient%20appointments%20scheduling%20aur%20follow-ups%20manage%20karna%20tedious%20lagta%20hai%3F%0A%0A%E2%9A%A1%20Shaktix%20Smart%20Health%20Automation%3A%0A%F0%9F%A9%BA%20Patients%20seedha%20WhatsApp%20se%20confirmed%20appointment%20slot%20book%20kar%20sakte%20hain.%0A%F0%9F%A9%BA%20Automated%20appointment%20reminder%20se%20patient%20no-shows%2070%25%20kam%20ho%20jate%20hain.%0A%F0%9F%A9%BA%20Digital%20feedback%20%26%20prescription%20sharing.%0A%0A10-Minute%20live%20demo%20setup%20dekhne%20ke%20liye%20reply%20karein%3A%20CLINIC.,Verified & Ready
Max Healthcare Wellness & Dental Center,Clinic,Delhi,Lajpat Nagar,+919818223344,4.8,"Ring Road, Near Metro Station, Lajpat Nagar IV, New Delhi 110024","Respected Dr. / Administrator (Max Healthcare Wellness & Dental Center), 🩺

Kya aapke clinic / hospital (Lajpat Nagar, Delhi) me patient appointments scheduling aur follow-ups manage karna tedious lagta hai?

⚡ Shaktix Smart Health Automation:
🩺 Patients seedha WhatsApp se confirmed appointment slot book kar sakte hain.
🩺 Automated appointment reminder se patient no-shows 70% kam ho jate hain.
🩺 Digital feedback & prescription sharing.

10-Minute live demo setup dekhne ke liye reply karein: CLINIC.",https://wa.me/919818223344?text=Respected%20Dr.%20/%20Administrator%20%28Max%20Healthcare%20Wellness%20%26%20Dental%20Center%29%2C%20%F0%9F%A9%BA%0A%0AKya%20aapke%20clinic%20/%20hospital%20%28Lajpat%20Nagar%2C%20Delhi%29%20me%20patient%20appointments%20scheduling%20aur%20follow-ups%20manage%20karna%20tedious%20lagta%20hai%3F%0A%0A%E2%9A%A1%20Shaktix%20Smart%20Health%20Automation%3A%0A%F0%9F%A9%BA%20Patients%20seedha%20WhatsApp%20se%20confirmed%20appointment%20slot%20book%20kar%20sakte%20hain.%0A%F0%9F%A9%BA%20Automated%20appointment%20reminder%20se%20patient%20no-shows%2070%25%20kam%20ho%20jate%20hain.%0A%F0%9F%A9%BA%20Digital%20feedback%20%26%20prescription%20sharing.%0A%0A10-Minute%20live%20demo%20setup%20dekhne%20ke%20liye%20reply%20karein%3A%20CLINIC.,Verified & Ready
Delhi Dental Hub & Smile Studio,Clinic,Delhi,Rohini Sector 9,+919899112233,4.7,"DC Chowk Market, Sector 9, Rohini, New Delhi 110085","Respected Dr. / Administrator (Delhi Dental Hub & Smile Studio), 🩺

Kya aapke clinic / hospital (Rohini Sector 9, Delhi) me patient appointments scheduling aur follow-ups manage karna tedious lagta hai?

⚡ Shaktix Smart Health Automation:
🩺 Patients seedha WhatsApp se confirmed appointment slot book kar sakte hain.
🩺 Automated appointment reminder se patient no-shows 70% kam ho jate hain.
🩺 Digital feedback & prescription sharing.

10-Minute live demo setup dekhne ke liye reply karein: CLINIC.",https://wa.me/919899112233?text=Respected%20Dr.%20/%20Administrator%20%28Delhi%20Dental%20Hub%20%26%20Smile%20Studio%29%2C%20%F0%9F%A9%BA%0A%0AKya%20aapke%20clinic%20/%20hospital%20%28Rohini%20Sector%209%2C%20Delhi%29%20me%20patient%20appointments%20scheduling%20aur%20follow-ups%20manage%20karna%20tedious%20lagta%20hai%3F%0A%0A%E2%9A%A1%20Shaktix%20Smart%20Health%20Automation%3A%0A%F0%9F%A9%BA%20Patients%20seedha%20WhatsApp%20se%20confirmed%20appointment%20slot%20book%20kar%20sakte%20hain.%0A%F0%9F%A9%BA%20Automated%20appointment%20reminder%20se%20patient%20no-shows%2070%25%20kam%20ho%20jate%20hain.%0A%F0%9F%A9%BA%20Digital%20feedback%20%26%20prescription%20sharing.%0A%0A10-Minute%20live%20demo%20setup%20dekhne%20ke%20liye%20reply%20karein%3A%20CLINIC.,Verified & Ready
Cosmodent India Aesthetic Clinic,Clinic,Delhi,South Extension 2,+919871112299,4.9,"E-14, Main Ring Road, South Extension Part 2, New Delhi 110049","Respected Dr. / Administrator (Cosmodent India Aesthetic Clinic), 🩺

Kya aapke clinic / hospital (South Extension 2, Delhi) me patient appointments scheduling aur follow-ups manage karna tedious lagta hai?

⚡ Shaktix Smart Health Automation:
🩺 Patients seedha WhatsApp se confirmed appointment slot book kar sakte hain.
🩺 Automated appointment reminder se patient no-shows 70% kam ho jate hain.
🩺 Digital feedback & prescription sharing.

10-Minute live demo setup dekhne ke liye reply karein: CLINIC.",https://wa.me/919871112299?text=Respected%20Dr.%20/%20Administrator%20%28Cosmodent%20India%20Aesthetic%20Clinic%29%2C%20%F0%9F%A9%BA%0A%0AKya%20aapke%20clinic%20/%20hospital%20%28South%20Extension%202%2C%20Delhi%29%20me%20patient%20appointments%20scheduling%20aur%20follow-ups%20manage%20karna%20tedious%20lagta%20hai%3F%0A%0A%E2%9A%A1%20Shaktix%20Smart%20Health%20Automation%3A%0A%F0%9F%A9%BA%20Patients%20seedha%20WhatsApp%20se%20confirmed%20appointment%20slot%20book%20kar%20sakte%20hain.%0A%F0%9F%A9%BA%20Automated%20appointment%20reminder%20se%20patient%20no-shows%2070%25%20kam%20ho%20jate%20hain.%0A%F0%9F%A9%BA%20Digital%20feedback%20%26%20prescription%20sharing.%0A%0A10-Minute%20live%20demo%20setup%20dekhne%20ke%20liye%20reply%20karein%3A%20CLINIC.,Verified & Ready
Cult.Fit Elite Fitness Studio,Gym,Delhi,South Extension,+919811445566,4.9,"F-45, Part 1, South Extension, New Delhi 110049","Namaste Team Cult.Fit Elite Fitness Studio! 💪🏋️‍♂️

Kya aapke gym ke purane members renewal miss kar dete hain?

⚡ Shaktix WhatsApp Fitness Engine se:
✅ Har member ko membership expiry se 3 din pehle automated reminder bhejein.
✅ Festive & New Year special discount offers 1-click me 500+ members ko blast karein.
✅ Modern Gym Landing Page paayein online membership booking ke sath.

📈 Membership renewal rate 40% tak boost hota hai!

Free demo ke liye reply karein: GYM ya call karein.",https://wa.me/919811445566?text=Namaste%20Team%20Cult.Fit%20Elite%20Fitness%20Studio%21%20%F0%9F%92%AA%F0%9F%8F%8B%EF%B8%8F%E2%80%8D%E2%99%82%EF%B8%8F%0A%0AKya%20aapke%20gym%20ke%20purane%20members%20renewal%20miss%20kar%20dete%20hain%3F%0A%0A%E2%9A%A1%20Shaktix%20WhatsApp%20Fitness%20Engine%20se%3A%0A%E2%9C%85%20Har%20member%20ko%20membership%20expiry%20se%203%20din%20pehle%20automated%20reminder%20bhejein.%0A%E2%9C%85%20Festive%20%26%20New%20Year%20special%20discount%20offers%201-click%20me%20500%2B%20members%20ko%20blast%20karein.%0A%E2%9C%85%20Modern%20Gym%20Landing%20Page%20paayein%20online%20membership%20booking%20ke%20sath.%0A%0A%F0%9F%93%88%20Membership%20renewal%20rate%2040%25%20tak%20boost%20hota%20hai%21%0A%0AFree%20demo%20ke%20liye%20reply%20karein%3A%20GYM%20ya%20call%20karein.,Verified & Ready
Gold's Gym Rohini West,Gym,Delhi,Rohini Sector 11,+919810998877,4.8,"Plot 12, Community Center, Sector 11, Rohini, New Delhi 110085","Namaste Team Gold's Gym Rohini West! 💪🏋️‍♂️

Kya aapke gym ke purane members renewal miss kar dete hain?

⚡ Shaktix WhatsApp Fitness Engine se:
✅ Har member ko membership expiry se 3 din pehle automated reminder bhejein.
✅ Festive & New Year special discount offers 1-click me 500+ members ko blast karein.
✅ Modern Gym Landing Page paayein online membership booking ke sath.

📈 Membership renewal rate 40% tak boost hota hai!

Free demo ke liye reply karein: GYM ya call karein.",https://wa.me/919810998877?text=Namaste%20Team%20Gold%27s%20Gym%20Rohini%20West%21%20%F0%9F%92%AA%F0%9F%8F%8B%EF%B8%8F%E2%80%8D%E2%99%82%EF%B8%8F%0A%0AKya%20aapke%20gym%20ke%20purane%20members%20renewal%20miss%20kar%20dete%20hain%3F%0A%0A%E2%9A%A1%20Shaktix%20WhatsApp%20Fitness%20Engine%20se%3A%0A%E2%9C%85%20Har%20member%20ko%20membership%20expiry%20se%203%20din%20pehle%20automated%20reminder%20bhejein.%0A%E2%9C%85%20Festive%20%26%20New%20Year%20special%20discount%20offers%201-click%20me%20500%2B%20members%20ko%20blast%20karein.%0A%E2%9C%85%20Modern%20Gym%20Landing%20Page%20paayein%20online%20membership%20booking%20ke%20sath.%0A%0A%F0%9F%93%88%20Membership%20renewal%20rate%2040%25%20tak%20boost%20hota%20hai%21%0A%0AFree%20demo%20ke%20liye%20reply%20karein%3A%20GYM%20ya%20call%20karein.,Verified & Ready
Anytime Fitness Lajpat Nagar,Gym,Delhi,Lajpat Nagar 2,+919910223344,4.8,"Central Market, Lajpat Nagar 2, New Delhi 110024","Namaste Team Anytime Fitness Lajpat Nagar! 💪🏋️‍♂️

Kya aapke gym ke purane members renewal miss kar dete hain?

⚡ Shaktix WhatsApp Fitness Engine se:
✅ Har member ko membership expiry se 3 din pehle automated reminder bhejein.
✅ Festive & New Year special discount offers 1-click me 500+ members ko blast karein.
✅ Modern Gym Landing Page paayein online membership booking ke sath.

📈 Membership renewal rate 40% tak boost hota hai!

Free demo ke liye reply karein: GYM ya call karein.",https://wa.me/919910223344?text=Namaste%20Team%20Anytime%20Fitness%20Lajpat%20Nagar%21%20%F0%9F%92%AA%F0%9F%8F%8B%EF%B8%8F%E2%80%8D%E2%99%82%EF%B8%8F%0A%0AKya%20aapke%20gym%20ke%20purane%20members%20renewal%20miss%20kar%20dete%20hain%3F%0A%0A%E2%9A%A1%20Shaktix%20WhatsApp%20Fitness%20Engine%20se%3A%0A%E2%9C%85%20Har%20member%20ko%20membership%20expiry%20se%203%20din%20pehle%20automated%20reminder%20bhejein.%0A%E2%9C%85%20Festive%20%26%20New%20Year%20special%20discount%20offers%201-click%20me%20500%2B%20members%20ko%20blast%20karein.%0A%E2%9C%85%20Modern%20Gym%20Landing%20Page%20paayein%20online%20membership%20booking%20ke%20sath.%0A%0A%F0%9F%93%88%20Membership%20renewal%20rate%2040%25%20tak%20boost%20hota%20hai%21%0A%0AFree%20demo%20ke%20liye%20reply%20karein%3A%20GYM%20ya%20call%20karein.,Verified & Ready
The Gym Health Planet CP,Gym,Delhi,Connaught Place,+919818887766,4.7,"Outer Circle, Near Shivaji Stadium, Connaught Place, New Delhi 110001","Namaste Team The Gym Health Planet CP! 💪🏋️‍♂️

Kya aapke gym ke purane members renewal miss kar dete hain?

⚡ Shaktix WhatsApp Fitness Engine se:
✅ Har member ko membership expiry se 3 din pehle automated reminder bhejein.
✅ Festive & New Year special discount offers 1-click me 500+ members ko blast karein.
✅ Modern Gym Landing Page paayein online membership booking ke sath.

📈 Membership renewal rate 40% tak boost hota hai!

Free demo ke liye reply karein: GYM ya call karein.",https://wa.me/919818887766?text=Namaste%20Team%20The%20Gym%20Health%20Planet%20CP%21%20%F0%9F%92%AA%F0%9F%8F%8B%EF%B8%8F%E2%80%8D%E2%99%82%EF%B8%8F%0A%0AKya%20aapke%20gym%20ke%20purane%20members%20renewal%20miss%20kar%20dete%20hain%3F%0A%0A%E2%9A%A1%20Shaktix%20WhatsApp%20Fitness%20Engine%20se%3A%0A%E2%9C%85%20Har%20member%20ko%20membership%20expiry%20se%203%20din%20pehle%20automated%20reminder%20bhejein.%0A%E2%9C%85%20Festive%20%26%20New%20Year%20special%20discount%20offers%201-click%20me%20500%2B%20members%20ko%20blast%20karein.%0A%E2%9C%85%20Modern%20Gym%20Landing%20Page%20paayein%20online%20membership%20booking%20ke%20sath.%0A%0A%F0%9F%93%88%20Membership%20renewal%20rate%2040%25%20tak%20boost%20hota%20hai%21%0A%0AFree%20demo%20ke%20liye%20reply%20karein%3A%20GYM%20ya%20call%20karein.,Verified & Ready
Drishti IAS Coaching Campus,Coaching,Delhi,Mukherjee Nagar,+918010440440,4.9,"Commercial Complex, Main Road, Mukherjee Nagar, Delhi 110009","Namaste Director Ji (Drishti IAS Coaching Campus)! 📚

Kya aap apne coaching institute (Drishti IAS Coaching Campus, Mukherjee Nagar) me naye academic session ke liye 2X-3X student admissions aur parent enquiries badhana chahte hain?

⚡ Shaktix WhatsApp Admission Booster se aap:
🎯 Mukherjee Nagar aur Delhi ke 1,500+ targeted parents aur students tak direct batch announcement & results deliver karein.
🎯 Demo classes aur syllabus brochure direct WhatsApp par 1-click me share karein.
🎯 Modern Coaching Portal paayein jahan se students online register kar sakein.

🚀 Pamphlet & banner se 5 guna sasta aur 100% direct outreach!

Free 2-minute live demo dekhne ke liye reply karein: ADMISSION ya call karein.",https://wa.me/918010440440?text=Namaste%20Director%20Ji%20%28Drishti%20IAS%20Coaching%20Campus%29%21%20%F0%9F%93%9A%0A%0AKya%20aap%20apne%20coaching%20institute%20%28Drishti%20IAS%20Coaching%20Campus%2C%20Mukherjee%20Nagar%29%20me%20naye%20academic%20session%20ke%20liye%202X-3X%20student%20admissions%20aur%20parent%20enquiries%20badhana%20chahte%20hain%3F%0A%0A%E2%9A%A1%20Shaktix%20WhatsApp%20Admission%20Booster%20se%20aap%3A%0A%F0%9F%8E%AF%20Mukherjee%20Nagar%20aur%20Delhi%20ke%201%2C500%2B%20targeted%20parents%20aur%20students%20tak%20direct%20batch%20announcement%20%26%20results%20deliver%20karein.%0A%F0%9F%8E%AF%20Demo%20classes%20aur%20syllabus%20brochure%20direct%20WhatsApp%20par%201-click%20me%20share%20karein.%0A%F0%9F%8E%AF%20Modern%20Coaching%20Portal%20paayein%20jahan%20se%20students%20online%20register%20kar%20sakein.%0A%0A%F0%9F%9A%80%20Pamphlet%20%26%20banner%20se%205%20guna%20sasta%20aur%20100%25%20direct%20outreach%21%0A%0AFree%202-minute%20live%20demo%20dekhne%20ke%20liye%20reply%20karein%3A%20ADMISSION%20ya%20call%20karein.,Verified & Ready
Vajiram & Ravi IAS Institute,Coaching,Delhi,Karol Bagh,+918800282244,4.8,"Pusa Road, Near Karol Bagh Metro Pillar 112, New Delhi 110005","Namaste Director Ji (Vajiram & Ravi IAS Institute)! 📚

Kya aap apne coaching institute (Vajiram & Ravi IAS Institute, Karol Bagh) me naye academic session ke liye 2X-3X student admissions aur parent enquiries badhana chahte hain?

⚡ Shaktix WhatsApp Admission Booster se aap:
🎯 Karol Bagh aur Delhi ke 1,500+ targeted parents aur students tak direct batch announcement & results deliver karein.
🎯 Demo classes aur syllabus brochure direct WhatsApp par 1-click me share karein.
🎯 Modern Coaching Portal paayein jahan se students online register kar sakein.

🚀 Pamphlet & banner se 5 guna sasta aur 100% direct outreach!

Free 2-minute live demo dekhne ke liye reply karein: ADMISSION ya call karein.",https://wa.me/918800282244?text=Namaste%20Director%20Ji%20%28Vajiram%20%26%20Ravi%20IAS%20Institute%29%21%20%F0%9F%93%9A%0A%0AKya%20aap%20apne%20coaching%20institute%20%28Vajiram%20%26%20Ravi%20IAS%20Institute%2C%20Karol%20Bagh%29%20me%20naye%20academic%20session%20ke%20liye%202X-3X%20student%20admissions%20aur%20parent%20enquiries%20badhana%20chahte%20hain%3F%0A%0A%E2%9A%A1%20Shaktix%20WhatsApp%20Admission%20Booster%20se%20aap%3A%0A%F0%9F%8E%AF%20Karol%20Bagh%20aur%20Delhi%20ke%201%2C500%2B%20targeted%20parents%20aur%20students%20tak%20direct%20batch%20announcement%20%26%20results%20deliver%20karein.%0A%F0%9F%8E%AF%20Demo%20classes%20aur%20syllabus%20brochure%20direct%20WhatsApp%20par%201-click%20me%20share%20karein.%0A%F0%9F%8E%AF%20Modern%20Coaching%20Portal%20paayein%20jahan%20se%20students%20online%20register%20kar%20sakein.%0A%0A%F0%9F%9A%80%20Pamphlet%20%26%20banner%20se%205%20guna%20sasta%20aur%20100%25%20direct%20outreach%21%0A%0AFree%202-minute%20live%20demo%20dekhne%20ke%20liye%20reply%20karein%3A%20ADMISSION%20ya%20call%20karein.,Verified & Ready
Apex Prime Real Estate Advisory,Real Estate,Delhi,Dwarka Expressway,+919810887711,4.7,"Sector 22, Near Metro Station, Dwarka, New Delhi 110077","Namaste Apex Prime Real Estate Advisory Ji! 🏢🔑

Kya aap Delhi & Dwarka Expressway me apne premium residential flats, plots & commercial properties ke liye verified buyers search kar rahe hain?

⚡ Shaktix Real Estate WhatsApp Blast System:
🎯 Delhi ke 2,000+ verified investors aur high-budget buyers tak direct layout plans & video walkthrough bhejein.
🎯 1-Click WhatsApp Lead Ingestion & instant automated site-visit booking.

Properties 3X fast close karne ke liye live demo dekhein. Reply karein: REALESTATE.",https://wa.me/919810887711?text=Namaste%20Apex%20Prime%20Real%20Estate%20Advisory%20Ji%21%20%F0%9F%8F%A2%F0%9F%94%91%0A%0AKya%20aap%20Delhi%20%26%20Dwarka%20Expressway%20me%20apne%20premium%20residential%20flats%2C%20plots%20%26%20commercial%20properties%20ke%20liye%20verified%20buyers%20search%20kar%20rahe%20hain%3F%0A%0A%E2%9A%A1%20Shaktix%20Real%20Estate%20WhatsApp%20Blast%20System%3A%0A%F0%9F%8E%AF%20Delhi%20ke%202%2C000%2B%20verified%20investors%20aur%20high-budget%20buyers%20tak%20direct%20layout%20plans%20%26%20video%20walkthrough%20bhejein.%0A%F0%9F%8E%AF%201-Click%20WhatsApp%20Lead%20Ingestion%20%26%20instant%20automated%20site-visit%20booking.%0A%0AProperties%203X%20fast%20close%20karne%20ke%20liye%20live%20demo%20dekhein.%20Reply%20karein%3A%20REALESTATE.,Verified & Ready
Aura Skin & Hair Clinic,Clinic,Delhi,Karol Bagh,+919873001122,4.8,"Arya Samaj Road, Karol Bagh, New Delhi 110005","Respected Dr. / Administrator (Aura Skin & Hair Clinic), 🩺

Kya aapke clinic / hospital (Karol Bagh, Delhi) me patient appointments scheduling aur follow-ups manage karna tedious lagta hai?

⚡ Shaktix Smart Health Automation:
🩺 Patients seedha WhatsApp se confirmed appointment slot book kar sakte hain.
🩺 Automated appointment reminder se patient no-shows 70% kam ho jate hain.
🩺 Digital feedback & prescription sharing.

10-Minute live demo setup dekhne ke liye reply karein: CLINIC.",https://wa.me/919873001122?text=Respected%20Dr.%20/%20Administrator%20%28Aura%20Skin%20%26%20Hair%20Clinic%29%2C%20%F0%9F%A9%BA%0A%0AKya%20aapke%20clinic%20/%20hospital%20%28Karol%20Bagh%2C%20Delhi%29%20me%20patient%20appointments%20scheduling%20aur%20follow-ups%20manage%20karna%20tedious%20lagta%20hai%3F%0A%0A%E2%9A%A1%20Shaktix%20Smart%20Health%20Automation%3A%0A%F0%9F%A9%BA%20Patients%20seedha%20WhatsApp%20se%20confirmed%20appointment%20slot%20book%20kar%20sakte%20hain.%0A%F0%9F%A9%BA%20Automated%20appointment%20reminder%20se%20patient%20no-shows%2070%25%20kam%20ho%20jate%20hain.%0A%F0%9F%A9%BA%20Digital%20feedback%20%26%20prescription%20sharing.%0A%0A10-Minute%20live%20demo%20setup%20dekhne%20ke%20liye%20reply%20karein%3A%20CLINIC.,Verified & Ready
