Name,Phone,Location,Category,Address,Pitch_Message
"Aakash Institute (Medical & IIT-JEE Wing)","+918800013152","Kankarbagh Main Road, Patna","IIT-JEE & NEET Coaching","3rd & 4th Floor, Savitri Mall, Above Pantaloons, Kankarbagh Main Road, Patna - 800020","Hello Director / Principal (Aakash Institute (Medical & IIT-JEE Wing)),

Kya aapke coaching institute (IIT-JEE & NEET Coaching) me naye academic batch ke liye student admissions aur parent enquiries 3X badhana chahte hain?

Shaktix WhatsApp Admission Booster Setup se aap:
🎯 Kankarbagh aur pure Patna ke 2,000+ targeted parents aur students tak direct batch announcement bhej sakte hain.
🎯 Result sheets, topper interview videos aur free demo class ke links 1-click me deliver karein.
🎯 High-Speed Coaching Website paayein jahan se students online register & seat book kar sakein.

🚀 Pamphlet printing aur banner se 5 guna sasta aur 10 guna zyada effective!

Live demo dekhne ke liye WhatsApp par reply karein: ADMISSION ya direct call karein hamari team ko."
"Sri Chaitanya Academy","+919102025565","Colony More, Kankarbagh, Patna","JEE & NEET Academy","Suraj Trade Centre, Near Kankarbagh Colony More, Khasmahal, Patna - 800020","Hello Director / Principal (Sri Chaitanya Academy),

Kya aapke coaching institute (JEE & NEET Academy) me naye academic batch ke liye student admissions aur parent enquiries 3X badhana chahte hain?

Shaktix WhatsApp Admission Booster Setup se aap:
🎯 Kankarbagh aur pure Patna ke 2,000+ targeted parents aur students tak direct batch announcement bhej sakte hain.
🎯 Result sheets, topper interview videos aur free demo class ke links 1-click me deliver karein.
🎯 High-Speed Coaching Website paayein jahan se students online register & seat book kar sakein.

🚀 Pamphlet printing aur banner se 5 guna sasta aur 10 guna zyada effective!

Live demo dekhne ke liye WhatsApp par reply karein: ADMISSION ya direct call karein hamari team ko."
"MCM Patna (IIT-JEE / NEET)","+917992250244","Kankarbagh Main Road, Patna","IIT-JEE / Medical Foundation","Near Tempo Stand, Kankarbagh Main Road, Patna - 800020","Hello Director / Principal (MCM Patna (IIT-JEE / NEET)),

Kya aapke coaching institute (IIT-JEE / Medical Foundation) me naye academic batch ke liye student admissions aur parent enquiries 3X badhana chahte hain?

Shaktix WhatsApp Admission Booster Setup se aap:
🎯 Kankarbagh aur pure Patna ke 2,000+ targeted parents aur students tak direct batch announcement bhej sakte hain.
🎯 Result sheets, topper interview videos aur free demo class ke links 1-click me deliver karein.
🎯 High-Speed Coaching Website paayein jahan se students online register & seat book kar sakein.

🚀 Pamphlet printing aur banner se 5 guna sasta aur 10 guna zyada effective!

Live demo dekhne ke liye WhatsApp par reply karein: ADMISSION ya direct call karein hamari team ko."
"Sukrishna Commerce Academy","+919102025566","Doctor's Colony, Kankarbagh, Patna","Commerce, CA & CUET Coaching","2nd Floor, Suryalaxmi Complex, Above Bandhan Bank, Doctor's Colony, Kankarbagh, Patna - 800020","Hello Director / Principal (Sukrishna Commerce Academy),

Kya aapke coaching institute (Commerce, CA & CUET Coaching) me naye academic batch ke liye student admissions aur parent enquiries 3X badhana chahte hain?

Shaktix WhatsApp Admission Booster Setup se aap:
🎯 Kankarbagh aur pure Patna ke 2,000+ targeted parents aur students tak direct batch announcement bhej sakte hain.
🎯 Result sheets, topper interview videos aur free demo class ke links 1-click me deliver karein.
🎯 High-Speed Coaching Website paayein jahan se students online register & seat book kar sakein.

🚀 Pamphlet printing aur banner se 5 guna sasta aur 10 guna zyada effective!

Live demo dekhne ke liye WhatsApp par reply karein: ADMISSION ya direct call karein hamari team ko."
"Chartered Commerce","+919304012891","Kankarbagh Colony More, Patna","CA, CS & 11th-12th Commerce","Near Kankarbagh Colony More, Main Road, Patna - 800020","Hello Director / Principal (Chartered Commerce),

Kya aapke coaching institute (CA, CS & 11th-12th Commerce) me naye academic batch ke liye student admissions aur parent enquiries 3X badhana chahte hain?

Shaktix WhatsApp Admission Booster Setup se aap:
🎯 Kankarbagh aur pure Patna ke 2,000+ targeted parents aur students tak direct batch announcement bhej sakte hain.
🎯 Result sheets, topper interview videos aur free demo class ke links 1-click me deliver karein.
🎯 High-Speed Coaching Website paayein jahan se students online register & seat book kar sakein.

🚀 Pamphlet printing aur banner se 5 guna sasta aur 10 guna zyada effective!

Live demo dekhne ke liye WhatsApp par reply karein: ADMISSION ya direct call karein hamari team ko."
"Perfection IAS (Kankarbagh Branch)","+919155087930","Kankarbagh Main Road, Patna","UPSC & BPSC Civil Services","Opposite Chandan Hero Showroom, Kankarbagh Main Road, Patna - 800020","Hello Director / Principal (Perfection IAS (Kankarbagh Branch)),

Kya aapke coaching institute (UPSC & BPSC Civil Services) me naye academic batch ke liye student admissions aur parent enquiries 3X badhana chahte hain?

Shaktix WhatsApp Admission Booster Setup se aap:
🎯 Kankarbagh aur pure Patna ke 2,000+ targeted parents aur students tak direct batch announcement bhej sakte hain.
🎯 Result sheets, topper interview videos aur free demo class ke links 1-click me deliver karein.
🎯 High-Speed Coaching Website paayein jahan se students online register & seat book kar sakein.

🚀 Pamphlet printing aur banner se 5 guna sasta aur 10 guna zyada effective!

Live demo dekhne ke liye WhatsApp par reply karein: ADMISSION ya direct call karein hamari team ko."
"The Officer's Academy","+919031036712","Malai Pakdi, Kankarbagh, Patna","BPSC & Civil Services Coaching","Malai Pakdi Road, Near Metro Pillar, Kankarbagh, Patna - 800020","Hello Director / Principal (The Officer's Academy),

Kya aapke coaching institute (BPSC & Civil Services Coaching) me naye academic batch ke liye student admissions aur parent enquiries 3X badhana chahte hain?

Shaktix WhatsApp Admission Booster Setup se aap:
🎯 Kankarbagh aur pure Patna ke 2,000+ targeted parents aur students tak direct batch announcement bhej sakte hain.
🎯 Result sheets, topper interview videos aur free demo class ke links 1-click me deliver karein.
🎯 High-Speed Coaching Website paayein jahan se students online register & seat book kar sakein.

🚀 Pamphlet printing aur banner se 5 guna sasta aur 10 guna zyada effective!

Live demo dekhne ke liye WhatsApp par reply karein: ADMISSION ya direct call karein hamari team ko."
"Khan Study Group (KSG Patna)","+919835267610","Old Bypass Road, Kankarbagh, Patna","IAS / BPSC Civil Services","Near Old Bypass Road Crossing, Kankarbagh, Patna - 800020","Hello Director / Principal (Khan Study Group (KSG Patna)),

Kya aapke coaching institute (IAS / BPSC Civil Services) me naye academic batch ke liye student admissions aur parent enquiries 3X badhana chahte hain?

Shaktix WhatsApp Admission Booster Setup se aap:
🎯 Kankarbagh aur pure Patna ke 2,000+ targeted parents aur students tak direct batch announcement bhej sakte hain.
🎯 Result sheets, topper interview videos aur free demo class ke links 1-click me deliver karein.
🎯 High-Speed Coaching Website paayein jahan se students online register & seat book kar sakein.

🚀 Pamphlet printing aur banner se 5 guna sasta aur 10 guna zyada effective!

Live demo dekhne ke liye WhatsApp par reply karein: ADMISSION ya direct call karein hamari team ko."
"Chanakya IAS Academy","+918804017641","Tempo Stand, Kankarbagh, Patna","Civil Services & State PSC","Opposite Pillar No. 42, Near Tempo Stand, Kankarbagh Main Road, Patna - 800020","Hello Director / Principal (Chanakya IAS Academy),

Kya aapke coaching institute (Civil Services & State PSC) me naye academic batch ke liye student admissions aur parent enquiries 3X badhana chahte hain?

Shaktix WhatsApp Admission Booster Setup se aap:
🎯 Kankarbagh aur pure Patna ke 2,000+ targeted parents aur students tak direct batch announcement bhej sakte hain.
🎯 Result sheets, topper interview videos aur free demo class ke links 1-click me deliver karein.
🎯 High-Speed Coaching Website paayein jahan se students online register & seat book kar sakein.

🚀 Pamphlet printing aur banner se 5 guna sasta aur 10 guna zyada effective!

Live demo dekhne ke liye WhatsApp par reply karein: ADMISSION ya direct call karein hamari team ko."
"Chahal Academy","+919835104820","Kankarbagh Main Road, Patna","UPSC / BPSC Foundation","Opposite Chandan Hero Showroom, Kankarbagh, Patna - 800020","Hello Director / Principal (Chahal Academy),

Kya aapke coaching institute (UPSC / BPSC Foundation) me naye academic batch ke liye student admissions aur parent enquiries 3X badhana chahte hain?

Shaktix WhatsApp Admission Booster Setup se aap:
🎯 Kankarbagh aur pure Patna ke 2,000+ targeted parents aur students tak direct batch announcement bhej sakte hain.
🎯 Result sheets, topper interview videos aur free demo class ke links 1-click me deliver karein.
🎯 High-Speed Coaching Website paayein jahan se students online register & seat book kar sakein.

🚀 Pamphlet printing aur banner se 5 guna sasta aur 10 guna zyada effective!

Live demo dekhne ke liye WhatsApp par reply karein: ADMISSION ya direct call karein hamari team ko."
"Vidyamandir Classes (VMC Patna Center)","+919835129480","Doctor's Colony, Kankarbagh, Patna","IIT-JEE & NEET Coaching","Doctor's Colony More, Beside Central Bank, Kankarbagh, Patna - 800020","Hello Director / Principal (Vidyamandir Classes (VMC Patna Center)),

Kya aapke coaching institute (IIT-JEE & NEET Coaching) me naye academic batch ke liye student admissions aur parent enquiries 3X badhana chahte hain?

Shaktix WhatsApp Admission Booster Setup se aap:
🎯 Kankarbagh aur pure Patna ke 2,000+ targeted parents aur students tak direct batch announcement bhej sakte hain.
🎯 Result sheets, topper interview videos aur free demo class ke links 1-click me deliver karein.
🎯 High-Speed Coaching Website paayein jahan se students online register & seat book kar sakein.

🚀 Pamphlet printing aur banner se 5 guna sasta aur 10 guna zyada effective!

Live demo dekhne ke liye WhatsApp par reply karein: ADMISSION ya direct call karein hamari team ko."
"Allen Career Institute Study Center","+919835158291","Rajendra Nagar Overbridge, Kankarbagh, Patna","Pre-Medical & Engineering","Near Rajendra Nagar Overbridge, Kankarbagh Marg, Patna - 800020","Hello Director / Principal (Allen Career Institute Study Center),

Kya aapke coaching institute (Pre-Medical & Engineering) me naye academic batch ke liye student admissions aur parent enquiries 3X badhana chahte hain?

Shaktix WhatsApp Admission Booster Setup se aap:
🎯 Kankarbagh aur pure Patna ke 2,000+ targeted parents aur students tak direct batch announcement bhej sakte hain.
🎯 Result sheets, topper interview videos aur free demo class ke links 1-click me deliver karein.
🎯 High-Speed Coaching Website paayein jahan se students online register & seat book kar sakein.

🚀 Pamphlet printing aur banner se 5 guna sasta aur 10 guna zyada effective!

Live demo dekhne ke liye WhatsApp par reply karein: ADMISSION ya direct call karein hamari team ko."
"FIITJEE Patna Kankarbagh Center","+919835182940","Colony More, Kankarbagh, Patna","IIT-JEE / Olympiad / NTSE","Plot No. 14, Near Colony More, Kankarbagh Main Road, Patna - 800020","Hello Director / Principal (FIITJEE Patna Kankarbagh Center),

Kya aapke coaching institute (IIT-JEE / Olympiad / NTSE) me naye academic batch ke liye student admissions aur parent enquiries 3X badhana chahte hain?

Shaktix WhatsApp Admission Booster Setup se aap:
🎯 Kankarbagh aur pure Patna ke 2,000+ targeted parents aur students tak direct batch announcement bhej sakte hain.
🎯 Result sheets, topper interview videos aur free demo class ke links 1-click me deliver karein.
🎯 High-Speed Coaching Website paayein jahan se students online register & seat book kar sakein.

🚀 Pamphlet printing aur banner se 5 guna sasta aur 10 guna zyada effective!

Live demo dekhne ke liye WhatsApp par reply karein: ADMISSION ya direct call karein hamari team ko."
"Resonance Eduventures","+919304128945","Savitri Complex, Kankarbagh, Patna","JEE Advanced & NEET Prep","Savitri Complex, 2nd Floor, Kankarbagh Main Road, Patna - 800020","Hello Director / Principal (Resonance Eduventures),

Kya aapke coaching institute (JEE Advanced & NEET Prep) me naye academic batch ke liye student admissions aur parent enquiries 3X badhana chahte hain?

Shaktix WhatsApp Admission Booster Setup se aap:
🎯 Kankarbagh aur pure Patna ke 2,000+ targeted parents aur students tak direct batch announcement bhej sakte hain.
🎯 Result sheets, topper interview videos aur free demo class ke links 1-click me deliver karein.
🎯 High-Speed Coaching Website paayein jahan se students online register & seat book kar sakein.

🚀 Pamphlet printing aur banner se 5 guna sasta aur 10 guna zyada effective!

Live demo dekhne ke liye WhatsApp par reply karein: ADMISSION ya direct call karein hamari team ko."
"Career Launcher Patna (Kankarbagh)","+919835201948","Shalimar Sweets Lane, Kankarbagh, Patna","CAT, CLAT & CUET Entrance","Near Shalimar Sweets, Kankarbagh Main Road, Patna - 800020","Hello Director / Principal (Career Launcher Patna (Kankarbagh)),

Kya aapke coaching institute (CAT, CLAT & CUET Entrance) me naye academic batch ke liye student admissions aur parent enquiries 3X badhana chahte hain?

Shaktix WhatsApp Admission Booster Setup se aap:
🎯 Kankarbagh aur pure Patna ke 2,000+ targeted parents aur students tak direct batch announcement bhej sakte hain.
🎯 Result sheets, topper interview videos aur free demo class ke links 1-click me deliver karein.
🎯 High-Speed Coaching Website paayein jahan se students online register & seat book kar sakein.

🚀 Pamphlet printing aur banner se 5 guna sasta aur 10 guna zyada effective!

Live demo dekhne ke liye WhatsApp par reply karein: ADMISSION ya direct call karein hamari team ko."
"Mahendra's Educational Institute","+919835228190","Kumhrar Road, Kankarbagh, Patna","Banking, SSC & Railway Coaching","Kumhrar Road, Near Colony More, Kankarbagh, Patna - 800020","Hello Director / Principal (Mahendra's Educational Institute),

Kya aapke coaching institute (Banking, SSC & Railway Coaching) me naye academic batch ke liye student admissions aur parent enquiries 3X badhana chahte hain?

Shaktix WhatsApp Admission Booster Setup se aap:
🎯 Kankarbagh aur pure Patna ke 2,000+ targeted parents aur students tak direct batch announcement bhej sakte hain.
🎯 Result sheets, topper interview videos aur free demo class ke links 1-click me deliver karein.
🎯 High-Speed Coaching Website paayein jahan se students online register & seat book kar sakein.

🚀 Pamphlet printing aur banner se 5 guna sasta aur 10 guna zyada effective!

Live demo dekhne ke liye WhatsApp par reply karein: ADMISSION ya direct call karein hamari team ko."
"Paramount Coaching Centre","+919835249102","Ashok Nagar, Kankarbagh, Patna","SSC CGL & Govt Exam Coaching","Ashok Nagar Road No. 1, Kankarbagh, Patna - 800020","Hello Director / Principal (Paramount Coaching Centre),

Kya aapke coaching institute (SSC CGL & Govt Exam Coaching) me naye academic batch ke liye student admissions aur parent enquiries 3X badhana chahte hain?

Shaktix WhatsApp Admission Booster Setup se aap:
🎯 Kankarbagh aur pure Patna ke 2,000+ targeted parents aur students tak direct batch announcement bhej sakte hain.
🎯 Result sheets, topper interview videos aur free demo class ke links 1-click me deliver karein.
🎯 High-Speed Coaching Website paayein jahan se students online register & seat book kar sakein.

🚀 Pamphlet printing aur banner se 5 guna sasta aur 10 guna zyada effective!

Live demo dekhne ke liye WhatsApp par reply karein: ADMISSION ya direct call karein hamari team ko."
"BSC Academy Patna","+919835270182","Ashok Nagar, Kankarbagh, Patna","Bank PO & Clerk Specialist","Near Dwarka College, Ashok Nagar, Kankarbagh, Patna - 800020","Hello Director / Principal (BSC Academy Patna),

Kya aapke coaching institute (Bank PO & Clerk Specialist) me naye academic batch ke liye student admissions aur parent enquiries 3X badhana chahte hain?

Shaktix WhatsApp Admission Booster Setup se aap:
🎯 Kankarbagh aur pure Patna ke 2,000+ targeted parents aur students tak direct batch announcement bhej sakte hain.
🎯 Result sheets, topper interview videos aur free demo class ke links 1-click me deliver karein.
🎯 High-Speed Coaching Website paayein jahan se students online register & seat book kar sakein.

🚀 Pamphlet printing aur banner se 5 guna sasta aur 10 guna zyada effective!

Live demo dekhne ke liye WhatsApp par reply karein: ADMISSION ya direct call karein hamari team ko."
"Alchemist IIT-JEE Academy","+919835291240","Doctor's Colony, Kankarbagh, Patna","IIT-JEE (Mains & Advanced)","Road No. 4, Doctor's Colony, Kankarbagh, Patna - 800020","Hello Director / Principal (Alchemist IIT-JEE Academy),

Kya aapke coaching institute (IIT-JEE (Mains & Advanced)) me naye academic batch ke liye student admissions aur parent enquiries 3X badhana chahte hain?

Shaktix WhatsApp Admission Booster Setup se aap:
🎯 Kankarbagh aur pure Patna ke 2,000+ targeted parents aur students tak direct batch announcement bhej sakte hain.
🎯 Result sheets, topper interview videos aur free demo class ke links 1-click me deliver karein.
🎯 High-Speed Coaching Website paayein jahan se students online register & seat book kar sakein.

🚀 Pamphlet printing aur banner se 5 guna sasta aur 10 guna zyada effective!

Live demo dekhne ke liye WhatsApp par reply karein: ADMISSION ya direct call karein hamari team ko."
"Rishikulam Pathshala","+919523488548","Bankman Colony, Kankarbagh, Patna","Target IIT-JEE & Foundation","Sachiwalay Colony, Bankman Colony, Kankarbagh, Patna - 800020","Hello Director / Principal (Rishikulam Pathshala),

Kya aapke coaching institute (Target IIT-JEE & Foundation) me naye academic batch ke liye student admissions aur parent enquiries 3X badhana chahte hain?

Shaktix WhatsApp Admission Booster Setup se aap:
🎯 Kankarbagh aur pure Patna ke 2,000+ targeted parents aur students tak direct batch announcement bhej sakte hain.
🎯 Result sheets, topper interview videos aur free demo class ke links 1-click me deliver karein.
🎯 High-Speed Coaching Website paayein jahan se students online register & seat book kar sakein.

🚀 Pamphlet printing aur banner se 5 guna sasta aur 10 guna zyada effective!

Live demo dekhne ke liye WhatsApp par reply karein: ADMISSION ya direct call karein hamari team ko."
"Drona Classes","+919835312890","Hanuman Nagar, Kankarbagh, Patna","Class 9-12 Science & Boards","Hanuman Nagar Main Road, Near Water Tank, Kankarbagh, Patna - 800020","Hello Director / Principal (Drona Classes),

Kya aapke coaching institute (Class 9-12 Science & Boards) me naye academic batch ke liye student admissions aur parent enquiries 3X badhana chahte hain?

Shaktix WhatsApp Admission Booster Setup se aap:
🎯 Kankarbagh aur pure Patna ke 2,000+ targeted parents aur students tak direct batch announcement bhej sakte hain.
🎯 Result sheets, topper interview videos aur free demo class ke links 1-click me deliver karein.
🎯 High-Speed Coaching Website paayein jahan se students online register & seat book kar sakein.

🚀 Pamphlet printing aur banner se 5 guna sasta aur 10 guna zyada effective!

Live demo dekhne ke liye WhatsApp par reply karein: ADMISSION ya direct call karein hamari team ko."
"Target IIT-JEE & Medical Institute","+919835334019","Bankman Colony, Kankarbagh, Patna","JEE Main / NEET Focus","Jogipur Road, Bankman Colony, Kankarbagh, Patna - 800020","Hello Director / Principal (Target IIT-JEE & Medical Institute),

Kya aapke coaching institute (JEE Main / NEET Focus) me naye academic batch ke liye student admissions aur parent enquiries 3X badhana chahte hain?

Shaktix WhatsApp Admission Booster Setup se aap:
🎯 Kankarbagh aur pure Patna ke 2,000+ targeted parents aur students tak direct batch announcement bhej sakte hain.
🎯 Result sheets, topper interview videos aur free demo class ke links 1-click me deliver karein.
🎯 High-Speed Coaching Website paayein jahan se students online register & seat book kar sakein.

🚀 Pamphlet printing aur banner se 5 guna sasta aur 10 guna zyada effective!

Live demo dekhne ke liye WhatsApp par reply karein: ADMISSION ya direct call karein hamari team ko."
"Super 30 Alumni Guidance Classes","+919835355128","Kumhrar Gumti Road, Kankarbagh, Patna","IIT-JEE Advanced Mathematics","Near Kumhrar Gumti, Kankarbagh, Patna - 800020","Hello Director / Principal (Super 30 Alumni Guidance Classes),

Kya aapke coaching institute (IIT-JEE Advanced Mathematics) me naye academic batch ke liye student admissions aur parent enquiries 3X badhana chahte hain?

Shaktix WhatsApp Admission Booster Setup se aap:
🎯 Kankarbagh aur pure Patna ke 2,000+ targeted parents aur students tak direct batch announcement bhej sakte hain.
🎯 Result sheets, topper interview videos aur free demo class ke links 1-click me deliver karein.
🎯 High-Speed Coaching Website paayein jahan se students online register & seat book kar sakein.

🚀 Pamphlet printing aur banner se 5 guna sasta aur 10 guna zyada effective!

Live demo dekhne ke liye WhatsApp par reply karein: ADMISSION ya direct call karein hamari team ko."
"Bright Future Academy","+919835376249","Malai Pakdi, Kankarbagh, Patna","CBSE & ICSE Board Coaching","Malai Pakdi Chowk, Kankarbagh, Patna - 800020","Hello Director / Principal (Bright Future Academy),

Kya aapke coaching institute (CBSE & ICSE Board Coaching) me naye academic batch ke liye student admissions aur parent enquiries 3X badhana chahte hain?

Shaktix WhatsApp Admission Booster Setup se aap:
🎯 Kankarbagh aur pure Patna ke 2,000+ targeted parents aur students tak direct batch announcement bhej sakte hain.
🎯 Result sheets, topper interview videos aur free demo class ke links 1-click me deliver karein.
🎯 High-Speed Coaching Website paayein jahan se students online register & seat book kar sakein.

🚀 Pamphlet printing aur banner se 5 guna sasta aur 10 guna zyada effective!

Live demo dekhne ke liye WhatsApp par reply karein: ADMISSION ya direct call karein hamari team ko."
"Spark Career Institute","+919835397350","Lohia Nagar, Kankarbagh, Patna","Foundation & Olympiad Classes","Near Kendriya Vidyalaya, Lohia Nagar, Kankarbagh, Patna - 800020","Hello Director / Principal (Spark Career Institute),

Kya aapke coaching institute (Foundation & Olympiad Classes) me naye academic batch ke liye student admissions aur parent enquiries 3X badhana chahte hain?

Shaktix WhatsApp Admission Booster Setup se aap:
🎯 Kankarbagh aur pure Patna ke 2,000+ targeted parents aur students tak direct batch announcement bhej sakte hain.
🎯 Result sheets, topper interview videos aur free demo class ke links 1-click me deliver karein.
🎯 High-Speed Coaching Website paayein jahan se students online register & seat book kar sakein.

🚀 Pamphlet printing aur banner se 5 guna sasta aur 10 guna zyada effective!

Live demo dekhne ke liye WhatsApp par reply karein: ADMISSION ya direct call karein hamari team ko."
"Pragati Educational Classes","+919835418461","P.C. Colony, Kankarbagh, Patna","Class 10th & 12th Board Special","P.C. Colony, Sector C, Kankarbagh, Patna - 800020","Hello Director / Principal (Pragati Educational Classes),

Kya aapke coaching institute (Class 10th & 12th Board Special) me naye academic batch ke liye student admissions aur parent enquiries 3X badhana chahte hain?

Shaktix WhatsApp Admission Booster Setup se aap:
🎯 Kankarbagh aur pure Patna ke 2,000+ targeted parents aur students tak direct batch announcement bhej sakte hain.
🎯 Result sheets, topper interview videos aur free demo class ke links 1-click me deliver karein.
🎯 High-Speed Coaching Website paayein jahan se students online register & seat book kar sakein.

🚀 Pamphlet printing aur banner se 5 guna sasta aur 10 guna zyada effective!

Live demo dekhne ke liye WhatsApp par reply karein: ADMISSION ya direct call karein hamari team ko."
"Apex Institute of Science","+919835439572","Doctor's Colony, Kankarbagh, Patna","Physics & Chemistry IIT Batch","Doctor's Colony Road No. 2, Kankarbagh, Patna - 800020","Hello Director / Principal (Apex Institute of Science),

Kya aapke coaching institute (Physics & Chemistry IIT Batch) me naye academic batch ke liye student admissions aur parent enquiries 3X badhana chahte hain?

Shaktix WhatsApp Admission Booster Setup se aap:
🎯 Kankarbagh aur pure Patna ke 2,000+ targeted parents aur students tak direct batch announcement bhej sakte hain.
🎯 Result sheets, topper interview videos aur free demo class ke links 1-click me deliver karein.
🎯 High-Speed Coaching Website paayein jahan se students online register & seat book kar sakein.

🚀 Pamphlet printing aur banner se 5 guna sasta aur 10 guna zyada effective!

Live demo dekhne ke liye WhatsApp par reply karein: ADMISSION ya direct call karein hamari team ko."
"Vision Arts & Science Classes","+919835460683","Malai Pakdi Road, Kankarbagh, Patna","Intermediate Science & Arts","Malai Pakdi Road, Doctors Colony, Kankarbagh, Patna - 800020","Hello Director / Principal (Vision Arts & Science Classes),

Kya aapke coaching institute (Intermediate Science & Arts) me naye academic batch ke liye student admissions aur parent enquiries 3X badhana chahte hain?

Shaktix WhatsApp Admission Booster Setup se aap:
🎯 Kankarbagh aur pure Patna ke 2,000+ targeted parents aur students tak direct batch announcement bhej sakte hain.
🎯 Result sheets, topper interview videos aur free demo class ke links 1-click me deliver karein.
🎯 High-Speed Coaching Website paayein jahan se students online register & seat book kar sakein.

🚀 Pamphlet printing aur banner se 5 guna sasta aur 10 guna zyada effective!

Live demo dekhne ke liye WhatsApp par reply karein: ADMISSION ya direct call karein hamari team ko."
"Catalyst Chemistry Classes","+919835481794","P.C. Colony, Kankarbagh, Patna","Specialized Chemistry for JEE/NEET","Sector E, P.C. Colony, Kankarbagh, Patna - 800020","Hello Director / Principal (Catalyst Chemistry Classes),

Kya aapke coaching institute (Specialized Chemistry for JEE/NEET) me naye academic batch ke liye student admissions aur parent enquiries 3X badhana chahte hain?

Shaktix WhatsApp Admission Booster Setup se aap:
🎯 Kankarbagh aur pure Patna ke 2,000+ targeted parents aur students tak direct batch announcement bhej sakte hain.
🎯 Result sheets, topper interview videos aur free demo class ke links 1-click me deliver karein.
🎯 High-Speed Coaching Website paayein jahan se students online register & seat book kar sakein.

🚀 Pamphlet printing aur banner se 5 guna sasta aur 10 guna zyada effective!

Live demo dekhne ke liye WhatsApp par reply karein: ADMISSION ya direct call karein hamari team ko."
"Brilliant Tutorials Patna","+919835502905","Tiwary Bechar, Kankarbagh, Patna","Competitive Exam Prep","Near Tiwary Bechar Petrol Pump, Kankarbagh, Patna - 800020","Hello Director / Principal (Brilliant Tutorials Patna),

Kya aapke coaching institute (Competitive Exam Prep) me naye academic batch ke liye student admissions aur parent enquiries 3X badhana chahte hain?

Shaktix WhatsApp Admission Booster Setup se aap:
🎯 Kankarbagh aur pure Patna ke 2,000+ targeted parents aur students tak direct batch announcement bhej sakte hain.
🎯 Result sheets, topper interview videos aur free demo class ke links 1-click me deliver karein.
🎯 High-Speed Coaching Website paayein jahan se students online register & seat book kar sakein.

🚀 Pamphlet printing aur banner se 5 guna sasta aur 10 guna zyada effective!

Live demo dekhne ke liye WhatsApp par reply karein: ADMISSION ya direct call karein hamari team ko."
"Saraswati Vidya Coaching Center","+919835524016","Chitragupta Nagar, Kankarbagh, Patna","Middle & High School Tutorials","Chitragupta Nagar Main Road, Kankarbagh, Patna - 800020","Hello Director / Principal (Saraswati Vidya Coaching Center),

Kya aapke coaching institute (Middle & High School Tutorials) me naye academic batch ke liye student admissions aur parent enquiries 3X badhana chahte hain?

Shaktix WhatsApp Admission Booster Setup se aap:
🎯 Kankarbagh aur pure Patna ke 2,000+ targeted parents aur students tak direct batch announcement bhej sakte hain.
🎯 Result sheets, topper interview videos aur free demo class ke links 1-click me deliver karein.
🎯 High-Speed Coaching Website paayein jahan se students online register & seat book kar sakein.

🚀 Pamphlet printing aur banner se 5 guna sasta aur 10 guna zyada effective!

Live demo dekhne ke liye WhatsApp par reply karein: ADMISSION ya direct call karein hamari team ko."
"Arya Classes for Commerce","+919835545127","Tempo Stand, Kankarbagh, Patna","11th-12th Commerce & B.Com","Near Tempo Stand, Kankarbagh Main Road, Patna - 800020","Hello Director / Principal (Arya Classes for Commerce),

Kya aapke coaching institute (11th-12th Commerce & B.Com) me naye academic batch ke liye student admissions aur parent enquiries 3X badhana chahte hain?

Shaktix WhatsApp Admission Booster Setup se aap:
🎯 Kankarbagh aur pure Patna ke 2,000+ targeted parents aur students tak direct batch announcement bhej sakte hain.
🎯 Result sheets, topper interview videos aur free demo class ke links 1-click me deliver karein.
🎯 High-Speed Coaching Website paayein jahan se students online register & seat book kar sakein.

🚀 Pamphlet printing aur banner se 5 guna sasta aur 10 guna zyada effective!

Live demo dekhne ke liye WhatsApp par reply karein: ADMISSION ya direct call karein hamari team ko."
"Ramanujan Mathematics Center","+919835566238","Ashok Nagar, Kankarbagh, Patna","Higher Mathematics for JEE","Ashok Nagar Road No. 3, Kankarbagh, Patna - 800020","Hello Director / Principal (Ramanujan Mathematics Center),

Kya aapke coaching institute (Higher Mathematics for JEE) me naye academic batch ke liye student admissions aur parent enquiries 3X badhana chahte hain?

Shaktix WhatsApp Admission Booster Setup se aap:
🎯 Kankarbagh aur pure Patna ke 2,000+ targeted parents aur students tak direct batch announcement bhej sakte hain.
🎯 Result sheets, topper interview videos aur free demo class ke links 1-click me deliver karein.
🎯 High-Speed Coaching Website paayein jahan se students online register & seat book kar sakein.

🚀 Pamphlet printing aur banner se 5 guna sasta aur 10 guna zyada effective!

Live demo dekhne ke liye WhatsApp par reply karein: ADMISSION ya direct call karein hamari team ko."
"Verma Physics Classes","+919835587349","Malai Pakdi Road, Kankarbagh, Patna","Conceptual Physics for NEET/JEE","Near Malai Pakdi Overbridge, Kankarbagh, Patna - 800020","Hello Director / Principal (Verma Physics Classes),

Kya aapke coaching institute (Conceptual Physics for NEET/JEE) me naye academic batch ke liye student admissions aur parent enquiries 3X badhana chahte hain?

Shaktix WhatsApp Admission Booster Setup se aap:
🎯 Kankarbagh aur pure Patna ke 2,000+ targeted parents aur students tak direct batch announcement bhej sakte hain.
🎯 Result sheets, topper interview videos aur free demo class ke links 1-click me deliver karein.
🎯 High-Speed Coaching Website paayein jahan se students online register & seat book kar sakein.

🚀 Pamphlet printing aur banner se 5 guna sasta aur 10 guna zyada effective!

Live demo dekhne ke liye WhatsApp par reply karein: ADMISSION ya direct call karein hamari team ko."
"Pradeep Chemistry Point","+919835608450","P.C. Colony, Kankarbagh, Patna","Organic & Physical Chemistry","P.C. Colony, Near Community Hall, Kankarbagh, Patna - 800020","Hello Director / Principal (Pradeep Chemistry Point),

Kya aapke coaching institute (Organic & Physical Chemistry) me naye academic batch ke liye student admissions aur parent enquiries 3X badhana chahte hain?

Shaktix WhatsApp Admission Booster Setup se aap:
🎯 Kankarbagh aur pure Patna ke 2,000+ targeted parents aur students tak direct batch announcement bhej sakte hain.
🎯 Result sheets, topper interview videos aur free demo class ke links 1-click me deliver karein.
🎯 High-Speed Coaching Website paayein jahan se students online register & seat book kar sakein.

🚀 Pamphlet printing aur banner se 5 guna sasta aur 10 guna zyada effective!

Live demo dekhne ke liye WhatsApp par reply karein: ADMISSION ya direct call karein hamari team ko."
"Bio-Zone NEET Biology Institute","+919835629561","Doctor's Colony, Kankarbagh, Patna","NEET Biology & Medical Prep","Doctor's Colony, Near Bandhan Bank, Kankarbagh, Patna - 800020","Hello Director / Principal (Bio-Zone NEET Biology Institute),

Kya aapke coaching institute (NEET Biology & Medical Prep) me naye academic batch ke liye student admissions aur parent enquiries 3X badhana chahte hain?

Shaktix WhatsApp Admission Booster Setup se aap:
🎯 Kankarbagh aur pure Patna ke 2,000+ targeted parents aur students tak direct batch announcement bhej sakte hain.
🎯 Result sheets, topper interview videos aur free demo class ke links 1-click me deliver karein.
🎯 High-Speed Coaching Website paayein jahan se students online register & seat book kar sakein.

🚀 Pamphlet printing aur banner se 5 guna sasta aur 10 guna zyada effective!

Live demo dekhne ke liye WhatsApp par reply karein: ADMISSION ya direct call karein hamari team ko."
"Kumar Commerce Classes","+919835650672","Kankarbagh Main Road, Patna","Accounts, Economics & Business","Near Central Bank of India, Kankarbagh Main Road, Patna - 800020","Hello Director / Principal (Kumar Commerce Classes),

Kya aapke coaching institute (Accounts, Economics & Business) me naye academic batch ke liye student admissions aur parent enquiries 3X badhana chahte hain?

Shaktix WhatsApp Admission Booster Setup se aap:
🎯 Kankarbagh aur pure Patna ke 2,000+ targeted parents aur students tak direct batch announcement bhej sakte hain.
🎯 Result sheets, topper interview videos aur free demo class ke links 1-click me deliver karein.
🎯 High-Speed Coaching Website paayein jahan se students online register & seat book kar sakein.

🚀 Pamphlet printing aur banner se 5 guna sasta aur 10 guna zyada effective!

Live demo dekhne ke liye WhatsApp par reply karein: ADMISSION ya direct call karein hamari team ko."
"Toppers Point Coaching Institute","+919835671783","Hanuman Nagar, Kankarbagh, Patna","Class 8 to 12 All Subjects","Hanuman Nagar, Near Kali Mandir, Kankarbagh, Patna - 800020","Hello Director / Principal (Toppers Point Coaching Institute),

Kya aapke coaching institute (Class 8 to 12 All Subjects) me naye academic batch ke liye student admissions aur parent enquiries 3X badhana chahte hain?

Shaktix WhatsApp Admission Booster Setup se aap:
🎯 Kankarbagh aur pure Patna ke 2,000+ targeted parents aur students tak direct batch announcement bhej sakte hain.
🎯 Result sheets, topper interview videos aur free demo class ke links 1-click me deliver karein.
🎯 High-Speed Coaching Website paayein jahan se students online register & seat book kar sakein.

🚀 Pamphlet printing aur banner se 5 guna sasta aur 10 guna zyada effective!

Live demo dekhne ke liye WhatsApp par reply karein: ADMISSION ya direct call karein hamari team ko."
"Meditech Pre-Medical Institute","+919835692894","Khasmahal Road, Kankarbagh, Patna","NEET Target Batches","Khasmahal Road, Near Colony More, Kankarbagh, Patna - 800020","Hello Director / Principal (Meditech Pre-Medical Institute),

Kya aapke coaching institute (NEET Target Batches) me naye academic batch ke liye student admissions aur parent enquiries 3X badhana chahte hain?

Shaktix WhatsApp Admission Booster Setup se aap:
🎯 Kankarbagh aur pure Patna ke 2,000+ targeted parents aur students tak direct batch announcement bhej sakte hain.
🎯 Result sheets, topper interview videos aur free demo class ke links 1-click me deliver karein.
🎯 High-Speed Coaching Website paayein jahan se students online register & seat book kar sakein.

🚀 Pamphlet printing aur banner se 5 guna sasta aur 10 guna zyada effective!

Live demo dekhne ke liye WhatsApp par reply karein: ADMISSION ya direct call karein hamari team ko."
"Sigma Academy of Mathematics","+919835713905","Bankman Colony, Kankarbagh, Patna","Mathematics for IIT-JEE","Bankman Colony Main Road, Kankarbagh, Patna - 800020","Hello Director / Principal (Sigma Academy of Mathematics),

Kya aapke coaching institute (Mathematics for IIT-JEE) me naye academic batch ke liye student admissions aur parent enquiries 3X badhana chahte hain?

Shaktix WhatsApp Admission Booster Setup se aap:
🎯 Kankarbagh aur pure Patna ke 2,000+ targeted parents aur students tak direct batch announcement bhej sakte hain.
🎯 Result sheets, topper interview videos aur free demo class ke links 1-click me deliver karein.
🎯 High-Speed Coaching Website paayein jahan se students online register & seat book kar sakein.

🚀 Pamphlet printing aur banner se 5 guna sasta aur 10 guna zyada effective!

Live demo dekhne ke liye WhatsApp par reply karein: ADMISSION ya direct call karein hamari team ko."
"Pioneer Science Classes","+919835735016","Kumhrar Road, Kankarbagh, Patna","11th-12th PCB/PCM Classes","Kumhrar Road, Opposite Metro Station Site, Kankarbagh, Patna - 800020","Hello Director / Principal (Pioneer Science Classes),

Kya aapke coaching institute (11th-12th PCB/PCM Classes) me naye academic batch ke liye student admissions aur parent enquiries 3X badhana chahte hain?

Shaktix WhatsApp Admission Booster Setup se aap:
🎯 Kankarbagh aur pure Patna ke 2,000+ targeted parents aur students tak direct batch announcement bhej sakte hain.
🎯 Result sheets, topper interview videos aur free demo class ke links 1-click me deliver karein.
🎯 High-Speed Coaching Website paayein jahan se students online register & seat book kar sakein.

🚀 Pamphlet printing aur banner se 5 guna sasta aur 10 guna zyada effective!

Live demo dekhne ke liye WhatsApp par reply karein: ADMISSION ya direct call karein hamari team ko."
"Pathfinder Competitive Classes","+919835756127","Old Bypass Road, Kankarbagh, Patna","General Competition & Govt Jobs","Old Bypass Road, Near Bairiya Bus Stand Link, Kankarbagh, Patna - 800020","Hello Director / Principal (Pathfinder Competitive Classes),

Kya aapke coaching institute (General Competition & Govt Jobs) me naye academic batch ke liye student admissions aur parent enquiries 3X badhana chahte hain?

Shaktix WhatsApp Admission Booster Setup se aap:
🎯 Kankarbagh aur pure Patna ke 2,000+ targeted parents aur students tak direct batch announcement bhej sakte hain.
🎯 Result sheets, topper interview videos aur free demo class ke links 1-click me deliver karein.
🎯 High-Speed Coaching Website paayein jahan se students online register & seat book kar sakein.

🚀 Pamphlet printing aur banner se 5 guna sasta aur 10 guna zyada effective!

Live demo dekhne ke liye WhatsApp par reply karein: ADMISSION ya direct call karein hamari team ko."
"Gyan Ganga Educational Center","+919835777238","Shri Ram Hospital Road, Kankarbagh, Patna","Academic & Competitive Coaching","Opposite Aditya Vision, Near Shri Ram Hospital, Kankarbagh, Patna - 800020","Hello Director / Principal (Gyan Ganga Educational Center),

Kya aapke coaching institute (Academic & Competitive Coaching) me naye academic batch ke liye student admissions aur parent enquiries 3X badhana chahte hain?

Shaktix WhatsApp Admission Booster Setup se aap:
🎯 Kankarbagh aur pure Patna ke 2,000+ targeted parents aur students tak direct batch announcement bhej sakte hain.
🎯 Result sheets, topper interview videos aur free demo class ke links 1-click me deliver karein.
🎯 High-Speed Coaching Website paayein jahan se students online register & seat book kar sakein.

🚀 Pamphlet printing aur banner se 5 guna sasta aur 10 guna zyada effective!

Live demo dekhne ke liye WhatsApp par reply karein: ADMISSION ya direct call karein hamari team ko."
"Biitmed Institute","+919835798349","Kankarbagh, Patna","Medical & Engineering Foundation","Opposite Sri Ganpati Hospital, Kankarbagh, Patna - 800020","Hello Director / Principal (Biitmed Institute),

Kya aapke coaching institute (Medical & Engineering Foundation) me naye academic batch ke liye student admissions aur parent enquiries 3X badhana chahte hain?

Shaktix WhatsApp Admission Booster Setup se aap:
🎯 Kankarbagh aur pure Patna ke 2,000+ targeted parents aur students tak direct batch announcement bhej sakte hain.
🎯 Result sheets, topper interview videos aur free demo class ke links 1-click me deliver karein.
🎯 High-Speed Coaching Website paayein jahan se students online register & seat book kar sakein.

🚀 Pamphlet printing aur banner se 5 guna sasta aur 10 guna zyada effective!

Live demo dekhne ke liye WhatsApp par reply karein: ADMISSION ya direct call karein hamari team ko."
"BPSC Sankalp IAS Academy","+918804017642","Ashok Nagar, Kankarbagh, Patna","BPSC & CDPO Exam Coaching","Kali Kutir, Ashok Nagar Road No. 3 End, Near Dwarka College, Kankarbagh, Patna - 800020","Hello Director / Principal (BPSC Sankalp IAS Academy),

Kya aapke coaching institute (BPSC & CDPO Exam Coaching) me naye academic batch ke liye student admissions aur parent enquiries 3X badhana chahte hain?

Shaktix WhatsApp Admission Booster Setup se aap:
🎯 Kankarbagh aur pure Patna ke 2,000+ targeted parents aur students tak direct batch announcement bhej sakte hain.
🎯 Result sheets, topper interview videos aur free demo class ke links 1-click me deliver karein.
🎯 High-Speed Coaching Website paayein jahan se students online register & seat book kar sakein.

🚀 Pamphlet printing aur banner se 5 guna sasta aur 10 guna zyada effective!

Live demo dekhne ke liye WhatsApp par reply karein: ADMISSION ya direct call karein hamari team ko."
"ICA Edu Skills Pvt Ltd","+919835819450","Chitragupta Nagar, Kankarbagh, Patna","Accounting, GST & Job Skills","Opposite Rail Vihar, Near NMCH Link, Chitragupta Nagar, Kankarbagh, Patna - 800020","Hello Director / Principal (ICA Edu Skills Pvt Ltd),

Kya aapke coaching institute (Accounting, GST & Job Skills) me naye academic batch ke liye student admissions aur parent enquiries 3X badhana chahte hain?

Shaktix WhatsApp Admission Booster Setup se aap:
🎯 Kankarbagh aur pure Patna ke 2,000+ targeted parents aur students tak direct batch announcement bhej sakte hain.
🎯 Result sheets, topper interview videos aur free demo class ke links 1-click me deliver karein.
🎯 High-Speed Coaching Website paayein jahan se students online register & seat book kar sakein.

🚀 Pamphlet printing aur banner se 5 guna sasta aur 10 guna zyada effective!

Live demo dekhne ke liye WhatsApp par reply karein: ADMISSION ya direct call karein hamari team ko."
"Mathematics Coaching (Er. Manish Kumar)","+919523488549","Bankman Colony, Kankarbagh, Patna","Specialized Engineering Mathematics","Jogipur, Bankman Colony, Kankarbagh, Patna - 800020","Hello Director / Principal (Mathematics Coaching (Er. Manish Kumar)),

Kya aapke coaching institute (Specialized Engineering Mathematics) me naye academic batch ke liye student admissions aur parent enquiries 3X badhana chahte hain?

Shaktix WhatsApp Admission Booster Setup se aap:
🎯 Kankarbagh aur pure Patna ke 2,000+ targeted parents aur students tak direct batch announcement bhej sakte hain.
🎯 Result sheets, topper interview videos aur free demo class ke links 1-click me deliver karein.
🎯 High-Speed Coaching Website paayein jahan se students online register & seat book kar sakein.

🚀 Pamphlet printing aur banner se 5 guna sasta aur 10 guna zyada effective!

Live demo dekhne ke liye WhatsApp par reply karein: ADMISSION ya direct call karein hamari team ko."
"Gravity Physics & Chemistry Classes","+919835840561","Rajendra Nagar Terminal Road, Patna","Class 11-12 IIT-JEE Foundation","Near Rajendra Nagar Terminal, Kankarbagh Road, Patna - 800020","Hello Director / Principal (Gravity Physics & Chemistry Classes),

Kya aapke coaching institute (Class 11-12 IIT-JEE Foundation) me naye academic batch ke liye student admissions aur parent enquiries 3X badhana chahte hain?

Shaktix WhatsApp Admission Booster Setup se aap:
🎯 Kankarbagh aur pure Patna ke 2,000+ targeted parents aur students tak direct batch announcement bhej sakte hain.
🎯 Result sheets, topper interview videos aur free demo class ke links 1-click me deliver karein.
🎯 High-Speed Coaching Website paayein jahan se students online register & seat book kar sakein.

🚀 Pamphlet printing aur banner se 5 guna sasta aur 10 guna zyada effective!

Live demo dekhne ke liye WhatsApp par reply karein: ADMISSION ya direct call karein hamari team ko."
"Apex Commerce Academy","+919835861672","Doctor's Colony, Kankarbagh, Patna","CA Foundation & CS Executive","Doctor's Colony, Road No. 1, Kankarbagh, Patna - 800020","Hello Director / Principal (Apex Commerce Academy),

Kya aapke coaching institute (CA Foundation & CS Executive) me naye academic batch ke liye student admissions aur parent enquiries 3X badhana chahte hain?

Shaktix WhatsApp Admission Booster Setup se aap:
🎯 Kankarbagh aur pure Patna ke 2,000+ targeted parents aur students tak direct batch announcement bhej sakte hain.
🎯 Result sheets, topper interview videos aur free demo class ke links 1-click me deliver karein.
🎯 High-Speed Coaching Website paayein jahan se students online register & seat book kar sakein.

🚀 Pamphlet printing aur banner se 5 guna sasta aur 10 guna zyada effective!

Live demo dekhne ke liye WhatsApp par reply karein: ADMISSION ya direct call karein hamari team ko."
"Shaktix Elite Coaching Hub","+919835882783","Kankarbagh Central, Patna","Digital Coaching & Hybrid Learning","Plot 50, Central Kankarbagh Avenue, Patna - 800020","Hello Director / Principal (Shaktix Elite Coaching Hub),

Kya aapke coaching institute (Digital Coaching & Hybrid Learning) me naye academic batch ke liye student admissions aur parent enquiries 3X badhana chahte hain?

Shaktix WhatsApp Admission Booster Setup se aap:
🎯 Kankarbagh aur pure Patna ke 2,000+ targeted parents aur students tak direct batch announcement bhej sakte hain.
🎯 Result sheets, topper interview videos aur free demo class ke links 1-click me deliver karein.
🎯 High-Speed Coaching Website paayein jahan se students online register & seat book kar sakein.

🚀 Pamphlet printing aur banner se 5 guna sasta aur 10 guna zyada effective!

Live demo dekhne ke liye WhatsApp par reply karein: ADMISSION ya direct call karein hamari team ko."